{
  "fetched_at": "2026-06-03T16:25:47.945790+00:00",
  "region": "polandcentral",
  "currency": "USD",
  "vm_prices": {
    "Standard_D16s_v5": {
      "linux_payg": 0.92,
      "windows_payg": 1.656,
      "linux_1yr": 0.5676940639269407,
      "linux_3yr": 0.3633942161339422,
      "windows_1yr": 1.3036940639269405,
      "windows_3yr": 1.099394216133942
    },
    "Standard_D64s_v5": {
      "linux_payg": 3.68,
      "windows_payg": 6.624,
      "linux_1yr": 2.2705479452054793,
      "linux_3yr": 1.4536149162861491,
      "windows_1yr": 5.214547945205479,
      "windows_3yr": 4.397614916286148
    },
    "Standard_D2s_v5": {
      "linux_payg": 0.115,
      "windows_payg": 0.207,
      "linux_1yr": 0.07100456621004567,
      "linux_3yr": 0.0454337899543379,
      "windows_1yr": 0.16300456621004566,
      "windows_3yr": 0.1374337899543379
    },
    "Standard_D96s_v5": {
      "linux_payg": 5.52,
      "windows_payg": 9.936,
      "linux_1yr": 3.405821917808219,
      "linux_3yr": 2.1804033485540333,
      "windows_1yr": 7.82182191780822,
      "windows_3yr": 6.596403348554034
    },
    "Standard_D48s_v5": {
      "linux_payg": 2.76,
      "windows_payg": 4.968,
      "linux_1yr": 1.7029680365296804,
      "linux_3yr": 1.0901826484018264,
      "windows_1yr": 3.9109680365296806,
      "windows_3yr": 3.2981826484018266
    },
    "Standard_D4s_v5": {
      "windows_payg": 0.414,
      "linux_payg": 0.23,
      "linux_1yr": 0.14189497716894978,
      "linux_3yr": 0.0908675799086758,
      "windows_1yr": 0.3258949771689498,
      "windows_3yr": 0.2748675799086758
    },
    "Standard_D8s_v5": {
      "windows_payg": 0.828,
      "linux_payg": 0.46,
      "linux_1yr": 0.28378995433789955,
      "linux_3yr": 0.1816971080669711,
      "windows_1yr": 0.6517899543378995,
      "windows_3yr": 0.549697108066971
    },
    "Standard_D32s_v5": {
      "linux_payg": 1.84,
      "windows_payg": 3.312,
      "linux_1yr": 1.1352739726027397,
      "linux_3yr": 0.7267884322678844,
      "windows_1yr": 2.6072739726027394,
      "windows_3yr": 2.198788432267884
    },
    "Standard_E48s_v5": {
      "linux_payg": 3.648,
      "windows_payg": 5.856,
      "linux_1yr": 2.250799086757991,
      "linux_3yr": 1.440943683409437,
      "windows_1yr": 4.45879908675799,
      "windows_3yr": 3.6489436834094366
    },
    "Standard_E96s_v5": {
      "windows_payg": 11.712,
      "linux_payg": 7.296,
      "linux_1yr": 4.501598173515982,
      "linux_3yr": 2.881925418569254,
      "windows_1yr": 8.91759817351598,
      "windows_3yr": 7.297925418569253
    },
    "Standard_E32s_v5": {
      "windows_payg": 3.904,
      "linux_payg": 2.432,
      "linux_1yr": 1.5005707762557077,
      "linux_3yr": 0.9606544901065449,
      "windows_1yr": 2.972570776255708,
      "windows_3yr": 2.432654490106545
    },
    "Standard_E4s_v5": {
      "windows_payg": 0.488,
      "linux_payg": 0.304,
      "linux_1yr": 0.18755707762557078,
      "linux_3yr": 0.12009132420091324,
      "windows_1yr": 0.3715570776255708,
      "windows_3yr": 0.3040913242009132
    },
    "Standard_E20s_v5": {
      "linux_payg": 1.52,
      "windows_payg": 2.44,
      "linux_1yr": 0.9377853881278538,
      "linux_3yr": 0.6004185692541857,
      "windows_1yr": 1.8577853881278537,
      "windows_3yr": 1.5204185692541856
    },
    "Standard_E8s_v5": {
      "windows_payg": 0.976,
      "linux_payg": 0.608,
      "linux_1yr": 0.37511415525114156,
      "linux_3yr": 0.24014459665144597,
      "windows_1yr": 0.7431141552511416,
      "windows_3yr": 0.6081445966514459
    },
    "Standard_E16s_v5": {
      "linux_payg": 1.216,
      "windows_payg": 1.952,
      "linux_1yr": 0.7502283105022831,
      "linux_3yr": 0.48032724505327246,
      "windows_1yr": 1.486228310502283,
      "windows_3yr": 1.2163272450532725
    },
    "Standard_E64s_v5": {
      "windows_payg": 7.808,
      "linux_payg": 4.864,
      "linux_1yr": 3.0011415525114153,
      "linux_3yr": 1.9212709284627092,
      "windows_1yr": 5.945141552511416,
      "windows_3yr": 4.865270928462709
    },
    "Standard_E2s_v5": {
      "linux_payg": 0.152,
      "windows_payg": 0.244,
      "linux_1yr": 0.09383561643835617,
      "linux_3yr": 0.06004566210045662,
      "windows_1yr": 0.18583561643835617,
      "windows_3yr": 0.1520456621004566
    }
  },
  "disk_prices": {
    "premium-ssd": {
      "P1": 0.039,
      "Burst Enablement": 24.576,
      "P10": 1.183,
      "P50": 33.095,
      "P80": 284.69,
      "Snapshots": 0.05,
      "P3": 0.156,
      "P15": 2.372,
      "P4": 0.338,
      "P70": 142.34,
      "P2": 0.078,
      "P20": 4.27,
      "P60": 66.19,
      "P40": 17.081,
      "P30": 8.541,
      "Confidential Compute Encryption": 3.5e-05,
      "P6": 0.611,
      "Burst Transactions": 0.005
    },
    "standard-ssd": {
      "E15": 0.002,
      "E50": 0.002,
      "E60": 0.002,
      "E40": 0.002,
      "Disk Transactions": 0.0026,
      "E6": 0.002,
      "E80": 0.002,
      "E70": 0.002,
      "E20": 0.002,
      "E4": 0.002,
      "E30": 0.002,
      "E10": 0.002,
      "E1": 0.039,
      "E3": 0.156,
      "Snapshots": 0.145,
      "E2": 0.078,
      "Confidential Compute Encryption": 2.1e-05
    },
    "standard-hdd": {
      "Snapshots": 0.05,
      "S15": 0.0005,
      "S80": 0.0005,
      "S6": 0.0005,
      "S60": 0.0005,
      "S4": 0.0005,
      "S70": 0.0005,
      "Disk Transactions": 0.00065,
      "S40": 0.0005,
      "S30": 0.0005,
      "Standard HDD Managed Disks - Confidential Compute Encryption": 1e-05,
      "S20": 0.0005,
      "S10": 0.0005,
      "S50": 0.0005
    }
  }
}