{
  "fetched_at": "2026-06-03T16:26:24.589639+00:00",
  "region": "centralindia",
  "currency": "USD",
  "vm_prices": {
    "Standard_D32s_v5": {
      "windows_payg": 3.088,
      "linux_payg": 1.616,
      "linux_1yr": 0.9970319634703196,
      "linux_3yr": 0.6383181126331812,
      "windows_1yr": 2.4690319634703197,
      "windows_3yr": 2.1103181126331814
    },
    "Standard_D8s_v5": {
      "linux_payg": 0.404,
      "windows_payg": 0.772,
      "linux_1yr": 0.2493150684931507,
      "linux_3yr": 0.15958904109589042,
      "windows_1yr": 0.6173150684931507,
      "windows_3yr": 0.5275890410958904
    },
    "Standard_D48s_v5": {
      "windows_payg": 4.632,
      "linux_payg": 2.424,
      "linux_1yr": 1.495662100456621,
      "linux_3yr": 0.957496194824962,
      "windows_1yr": 3.703662100456621,
      "windows_3yr": 3.1654961948249616
    },
    "Standard_D4s_v5": {
      "linux_payg": 0.202,
      "windows_payg": 0.386,
      "linux_1yr": 0.12465753424657534,
      "linux_3yr": 0.07979452054794521,
      "windows_1yr": 0.3086575342465753,
      "windows_3yr": 0.2637945205479452
    },
    "Standard_D64s_v5": {
      "linux_payg": 3.232,
      "windows_payg": 6.176,
      "linux_1yr": 1.9941780821917807,
      "linux_3yr": 1.2766362252663623,
      "windows_1yr": 4.938178082191781,
      "windows_3yr": 4.220636225266363
    },
    "Standard_D2s_v5": {
      "linux_payg": 0.101,
      "windows_payg": 0.193,
      "linux_1yr": 0.06232876712328767,
      "linux_3yr": 0.039878234398782346,
      "windows_1yr": 0.15432876712328766,
      "windows_3yr": 0.13187823439878235
    },
    "Standard_D96s_v5": {
      "windows_payg": 9.264,
      "linux_payg": 4.848,
      "linux_1yr": 2.9912100456621005,
      "linux_3yr": 1.9149543378995433,
      "windows_1yr": 7.4072100456621,
      "windows_3yr": 6.330954337899543
    },
    "Standard_D16s_v5": {
      "linux_payg": 0.808,
      "windows_payg": 1.544,
      "linux_1yr": 0.4985159817351598,
      "linux_3yr": 0.31917808219178084,
      "windows_1yr": 1.2345159817351599,
      "windows_3yr": 1.0551780821917809
    },
    "Standard_E4s_v5": {
      "windows_payg": 0.444,
      "linux_payg": 0.26,
      "linux_1yr": 0.1603881278538813,
      "linux_3yr": 0.10270167427701675,
      "windows_1yr": 0.3443881278538813,
      "windows_3yr": 0.28670167427701676
    },
    "Standard_E48s_v5": {
      "linux_payg": 3.12,
      "windows_payg": 5.328,
      "linux_1yr": 1.925,
      "linux_3yr": 1.2323820395738203,
      "windows_1yr": 4.133,
      "windows_3yr": 3.4403820395738203
    },
    "Standard_E96s_v5": {
      "linux_payg": 6.24,
      "windows_payg": 10.656,
      "linux_1yr": 3.8501141552511418,
      "linux_3yr": 2.4648021308980215,
      "windows_1yr": 8.266114155251142,
      "windows_3yr": 6.880802130898022
    },
    "Standard_E32s_v5": {
      "windows_payg": 3.552,
      "linux_payg": 2.08,
      "linux_1yr": 1.2833333333333334,
      "linux_3yr": 0.821613394216134,
      "windows_1yr": 2.7553333333333336,
      "windows_3yr": 2.293613394216134
    },
    "Standard_E2s_v5": {
      "linux_payg": 0.13,
      "windows_payg": 0.222,
      "linux_1yr": 0.08025114155251141,
      "linux_3yr": 0.051331811263318115,
      "windows_1yr": 0.17225114155251142,
      "windows_3yr": 0.14333181126331812
    },
    "Standard_E20s_v5": {
      "windows_payg": 2.22,
      "linux_payg": 1.3,
      "linux_1yr": 0.802054794520548,
      "linux_3yr": 0.5135083713850838,
      "windows_1yr": 1.722054794520548,
      "windows_3yr": 1.4335083713850838
    },
    "Standard_E64s_v5": {
      "windows_payg": 7.104,
      "linux_payg": 4.16,
      "linux_1yr": 2.566666666666667,
      "linux_3yr": 1.6431887366818874,
      "windows_1yr": 5.510666666666667,
      "windows_3yr": 4.587188736681887
    },
    "Standard_E8s_v5": {
      "windows_payg": 0.888,
      "linux_payg": 0.52,
      "linux_1yr": 0.3208904109589041,
      "linux_3yr": 0.2054033485540335,
      "windows_1yr": 0.688890410958904,
      "windows_3yr": 0.5734033485540335
    },
    "Standard_E16s_v5": {
      "linux_payg": 1.04,
      "windows_payg": 1.776,
      "linux_1yr": 0.6416666666666667,
      "linux_3yr": 0.410806697108067,
      "windows_1yr": 1.3776666666666668,
      "windows_3yr": 1.146806697108067
    }
  },
  "disk_prices": {
    "premium-ssd": {
      "P50": 35.643,
      "Burst Transactions": 0.007,
      "P1": 0.042,
      "P10": 1.274,
      "P20": 4.599,
      "P60": 71.287,
      "Burst Enablement": 34.406,
      "P3": 0.168,
      "P80": 306.6,
      "P4": 0.364,
      "P6": 0.658,
      "P40": 18.396,
      "P70": 153.3,
      "P30": 9.198,
      "P15": 2.555,
      "Confidential Compute Encryption": 2.7e-05,
      "P2": 0.084,
      "Snapshots": 0.05
    },
    "standard-ssd": {
      "Confidential Compute Encryption": 2.3e-05,
      "E6": 0.002,
      "E40": 0.002,
      "E80": 0.002,
      "E20": 0.002,
      "E50": 0.002,
      "E15": 0.002,
      "E10": 0.002,
      "E3": 0.168,
      "E30": 0.002,
      "E60": 0.002,
      "Disk Transactions": 0.0028,
      "E70": 0.002,
      "E4": 0.002,
      "Snapshots": 0.132,
      "E1": 0.042,
      "E2": 0.084
    },
    "standard-hdd": {
      "S40": 0.0005,
      "S10": 0.0005,
      "S60": 0.0005,
      "S15": 0.0005,
      "S80": 0.0005,
      "S20": 0.0005,
      "Disk Transactions": 0.0007,
      "S70": 0.0005,
      "S4": 0.0005,
      "S50": 0.0005,
      "S6": 0.0005,
      "Snapshots": 0.05,
      "S30": 0.0005,
      "Standard HDD Managed Disks - Confidential Compute Encryption": 1.2e-05
    }
  }
}