{
  "fetched_at": "2026-06-03T16:25:37.476166+00:00",
  "region": "norwayeast",
  "currency": "USD",
  "vm_prices": {
    "Standard_D4s_v5": {
      "linux_payg": 0.253,
      "windows_payg": 0.437,
      "linux_1yr": 0.15605022831050228,
      "linux_3yr": 0.09992389649923897,
      "windows_1yr": 0.34005022831050224,
      "windows_3yr": 0.283923896499239
    },
    "Standard_D2s_v5": {
      "windows_payg": 0.219,
      "linux_payg": 0.127,
      "linux_1yr": 0.07808219178082192,
      "linux_3yr": 0.049961948249619484,
      "windows_1yr": 0.1700821917808219,
      "windows_3yr": 0.1419619482496195
    },
    "Standard_D96s_v5": {
      "linux_payg": 6.072,
      "windows_payg": 10.488,
      "linux_1yr": 3.746461187214612,
      "linux_3yr": 2.3984398782343987,
      "windows_1yr": 8.16246118721461,
      "windows_3yr": 6.814439878234398
    },
    "Standard_D8s_v5": {
      "linux_payg": 0.506,
      "windows_payg": 0.874,
      "linux_1yr": 0.3122146118721461,
      "linux_3yr": 0.19988584474885845,
      "windows_1yr": 0.6802146118721462,
      "windows_3yr": 0.5678858447488584
    },
    "Standard_D64s_v5": {
      "windows_payg": 6.992,
      "linux_payg": 4.048,
      "linux_1yr": 2.497602739726027,
      "linux_3yr": 1.598972602739726,
      "windows_1yr": 5.441602739726028,
      "windows_3yr": 4.5429726027397255
    },
    "Standard_D48s_v5": {
      "windows_payg": 5.244,
      "linux_payg": 3.036,
      "linux_1yr": 1.873173515981735,
      "linux_3yr": 1.1992389649923896,
      "windows_1yr": 4.081173515981735,
      "windows_3yr": 3.4072389649923895
    },
    "Standard_D32s_v5": {
      "windows_payg": 3.496,
      "linux_payg": 2.024,
      "linux_1yr": 1.2488584474885844,
      "linux_3yr": 0.7994672754946728,
      "windows_1yr": 2.7208584474885846,
      "windows_3yr": 2.2714672754946728
    },
    "Standard_D16s_v5": {
      "linux_payg": 1.012,
      "windows_payg": 1.748,
      "linux_1yr": 0.6244292237442922,
      "linux_3yr": 0.3997336377473364,
      "windows_1yr": 1.3604292237442923,
      "windows_3yr": 1.1357336377473364
    },
    "Standard_E48s_v5": {
      "windows_payg": 6.221,
      "linux_payg": 4.013,
      "linux_1yr": 2.4759132420091325,
      "linux_3yr": 1.5850456621004567,
      "windows_1yr": 4.683913242009133,
      "windows_3yr": 3.793045662100457
    },
    "Standard_E4s_v5": {
      "windows_payg": 0.518,
      "linux_payg": 0.334,
      "linux_1yr": 0.20627853881278538,
      "linux_3yr": 0.13207762557077626,
      "windows_1yr": 0.3902785388127854,
      "windows_3yr": 0.31607762557077623
    },
    "Standard_E16s_v5": {
      "linux_payg": 1.338,
      "windows_payg": 2.074,
      "linux_1yr": 0.8253424657534246,
      "linux_3yr": 0.5283485540334856,
      "windows_1yr": 1.5613424657534245,
      "windows_3yr": 1.2643485540334853
    },
    "Standard_E96s_v5": {
      "linux_payg": 8.026,
      "windows_payg": 12.442,
      "linux_1yr": 4.951826484018265,
      "linux_3yr": 3.170129375951294,
      "windows_1yr": 9.367826484018266,
      "windows_3yr": 7.586129375951295
    },
    "Standard_E64s_v5": {
      "windows_payg": 8.294,
      "linux_payg": 5.35,
      "linux_1yr": 3.3011415525114156,
      "linux_3yr": 2.1133942161339423,
      "windows_1yr": 6.2451415525114164,
      "windows_3yr": 5.057394216133943
    },
    "Standard_E32s_v5": {
      "linux_payg": 2.675,
      "windows_payg": 4.147,
      "linux_1yr": 1.6505707762557078,
      "linux_3yr": 1.0566971080669711,
      "windows_1yr": 3.1225707762557082,
      "windows_3yr": 2.5286971080669716
    },
    "Standard_E8s_v5": {
      "linux_payg": 0.669,
      "windows_payg": 1.037,
      "linux_1yr": 0.4126712328767123,
      "linux_3yr": 0.26419330289193305,
      "windows_1yr": 0.7806712328767123,
      "windows_3yr": 0.6321933028919329
    },
    "Standard_E20s_v5": {
      "windows_payg": 2.592,
      "linux_payg": 1.672,
      "linux_1yr": 1.03162100456621,
      "linux_3yr": 0.6604261796042618,
      "windows_1yr": 1.9516210045662101,
      "windows_3yr": 1.5804261796042618
    },
    "Standard_E2s_v5": {
      "windows_payg": 0.259,
      "linux_payg": 0.167,
      "linux_1yr": 0.10319634703196347,
      "linux_3yr": 0.06605783866057839,
      "windows_1yr": 0.19519634703196348,
      "windows_3yr": 0.15805783866057838
    }
  },
  "disk_prices": {
    "premium-ssd": {
      "P3": 0.172,
      "P6": 0.672,
      "P10": 1.301,
      "P1": 0.0429,
      "P30": 9.395,
      "P80": 313.16,
      "P20": 4.697,
      "P2": 0.0858,
      "P15": 2.61,
      "P60": 72.811,
      "P40": 18.79,
      "Snapshots": 0.05,
      "P4": 0.372,
      "Confidential Compute Encryption": 3.3e-05,
      "Burst Enablement": 35.144,
      "P70": 156.58,
      "Burst Transactions": 0.00715,
      "P50": 36.405
    },
    "standard-ssd": {
      "E6": 0.002,
      "E4": 0.002,
      "E20": 0.002,
      "E10": 0.002,
      "E15": 0.002,
      "E30": 0.002,
      "E80": 0.002,
      "E50": 0.002,
      "Confidential Compute Encryption": 2.3e-05,
      "E60": 0.002,
      "E2": 0.0858,
      "Disk Transactions": 0.00286,
      "E3": 0.172,
      "E1": 0.0429,
      "E70": 0.002,
      "E40": 0.002,
      "Snapshots": 0.16
    },
    "standard-hdd": {
      "S60": 0.0005,
      "S50": 0.0005,
      "Standard HDD Managed Disks - Confidential Compute Encryption": 1.2e-05,
      "S15": 0.0005,
      "S20": 0.0005,
      "S30": 0.0005,
      "Snapshots": 0.055,
      "S6": 0.0005,
      "S40": 0.0005,
      "S80": 0.0005,
      "S10": 0.0005,
      "S4": 0.0005,
      "S70": 0.0005,
      "Disk Transactions": 0.000715
    }
  }
}