{
  "fetched_at": "2026-06-03T16:25:04.668721+00:00",
  "region": "brazilsouth",
  "currency": "USD",
  "vm_prices": {
    "Standard_D4s_v5": {
      "windows_payg": 0.49,
      "linux_payg": 0.306,
      "linux_1yr": 0.18881278538812785,
      "linux_3yr": 0.1208523592085236,
      "windows_1yr": 0.37281278538812784,
      "windows_3yr": 0.3048523592085236
    },
    "Standard_D96s_v5": {
      "windows_payg": 11.76,
      "linux_payg": 7.344,
      "linux_1yr": 4.531278538812785,
      "linux_3yr": 2.900875190258752,
      "windows_1yr": 8.947278538812785,
      "windows_3yr": 7.316875190258751
    },
    "Standard_D2s_v5": {
      "windows_payg": 0.245,
      "linux_payg": 0.153,
      "linux_1yr": 0.09440639269406392,
      "linux_3yr": 0.0604261796042618,
      "windows_1yr": 0.18640639269406392,
      "windows_3yr": 0.1524261796042618
    },
    "Standard_D8s_v5": {
      "linux_payg": 0.612,
      "windows_payg": 0.98,
      "linux_1yr": 0.3776255707762557,
      "linux_3yr": 0.2417427701674277,
      "windows_1yr": 0.7456255707762557,
      "windows_3yr": 0.6097427701674277
    },
    "Standard_D48s_v5": {
      "linux_payg": 3.672,
      "windows_payg": 5.88,
      "linux_1yr": 2.2656392694063925,
      "linux_3yr": 1.4504566210045662,
      "windows_1yr": 4.473639269406393,
      "windows_3yr": 3.658456621004566
    },
    "Standard_D64s_v5": {
      "linux_payg": 4.896,
      "windows_payg": 7.84,
      "linux_1yr": 3.0207762557077626,
      "linux_3yr": 1.933904109589041,
      "windows_1yr": 5.964776255707763,
      "windows_3yr": 4.877904109589041
    },
    "Standard_D16s_v5": {
      "linux_payg": 1.224,
      "windows_payg": 1.96,
      "linux_1yr": 0.7552511415525114,
      "linux_3yr": 0.4834855403348554,
      "windows_1yr": 1.4912511415525114,
      "windows_3yr": 1.2194855403348555
    },
    "Standard_D32s_v5": {
      "linux_payg": 2.448,
      "windows_payg": 3.92,
      "linux_1yr": 1.5103881278538813,
      "linux_3yr": 0.9669710806697108,
      "windows_1yr": 2.9823881278538815,
      "windows_3yr": 2.438971080669711
    },
    "Standard_E4s_v5": {
      "windows_payg": 0.586,
      "linux_payg": 0.402,
      "linux_1yr": 0.24805936073059362,
      "linux_3yr": 0.15878995433789955,
      "windows_1yr": 0.4320593607305936,
      "windows_3yr": 0.3427899543378995
    },
    "Standard_E16s_v5": {
      "linux_payg": 1.608,
      "windows_payg": 2.344,
      "linux_1yr": 0.9921232876712329,
      "linux_3yr": 0.6351598173515982,
      "windows_1yr": 1.7281232876712327,
      "windows_3yr": 1.371159817351598
    },
    "Standard_E48s_v5": {
      "windows_payg": 7.032,
      "linux_payg": 4.824,
      "linux_1yr": 2.9763698630136988,
      "linux_3yr": 1.9054794520547946,
      "windows_1yr": 5.184369863013699,
      "windows_3yr": 4.113479452054795
    },
    "Standard_E96s_v5": {
      "linux_payg": 9.648,
      "windows_payg": 14.064,
      "linux_1yr": 5.952853881278539,
      "linux_3yr": 3.8109589041095893,
      "windows_1yr": 10.36885388127854,
      "windows_3yr": 8.22695890410959
    },
    "Standard_E2s_v5": {
      "windows_payg": 0.293,
      "linux_payg": 0.201,
      "linux_1yr": 0.12397260273972603,
      "linux_3yr": 0.07941400304414004,
      "windows_1yr": 0.21597260273972602,
      "windows_3yr": 0.17141400304414
    },
    "Standard_E32s_v5": {
      "windows_payg": 4.688,
      "linux_payg": 3.216,
      "linux_1yr": 1.9842465753424658,
      "linux_3yr": 1.2703196347031964,
      "windows_1yr": 3.4562465753424654,
      "windows_3yr": 2.742319634703196
    },
    "Standard_E64s_v5": {
      "windows_payg": 9.376,
      "linux_payg": 6.432,
      "linux_1yr": 3.9684931506849317,
      "linux_3yr": 2.540639269406393,
      "windows_1yr": 6.912493150684931,
      "windows_3yr": 5.484639269406392
    },
    "Standard_E20s_v5": {
      "windows_payg": 2.93,
      "linux_payg": 2.01,
      "linux_1yr": 1.2401826484018266,
      "linux_3yr": 0.7939497716894978,
      "windows_1yr": 2.160182648401827,
      "windows_3yr": 1.713949771689498
    },
    "Standard_E8s_v5": {
      "windows_payg": 1.172,
      "linux_payg": 0.804,
      "linux_1yr": 0.49611872146118724,
      "linux_3yr": 0.3175799086757991,
      "windows_1yr": 0.8641187214611872,
      "windows_3yr": 0.685579908675799
    }
  },
  "disk_prices": {
    "premium-ssd": {
      "P60": 101.84,
      "P3": 0.24,
      "P50": 50.919,
      "P70": 219.0,
      "P40": 26.28,
      "P10": 1.82,
      "P20": 6.57,
      "P30": 13.14,
      "P6": 0.939,
      "Burst Enablement": 49.152,
      "P2": 0.12,
      "P1": 0.06,
      "P80": 438.0,
      "Snapshots": 0.228,
      "P4": 0.52,
      "Burst Transactions": 0.01,
      "Confidential Compute Encryption": 4.7e-05,
      "P15": 3.65
    },
    "standard-ssd": {
      "E20": 0.002,
      "E2": 0.12,
      "E3": 0.24,
      "E50": 0.002,
      "E40": 0.002,
      "E10": 0.002,
      "E1": 0.06,
      "E80": 0.002,
      "E6": 0.002,
      "E70": 0.002,
      "E15": 0.002,
      "E60": 0.002,
      "Snapshots": 0.228,
      "Disk Transactions": 0.004,
      "E4": 0.002,
      "Confidential Compute Encryption": 3.8e-05,
      "E30": 0.002
    },
    "standard-hdd": {
      "Disk Transactions": 0.001,
      "Standard HDD Managed Disks - Confidential Compute Encryption": 1.8e-05,
      "S40": 0.0005,
      "S15": 0.0005,
      "S60": 0.0005,
      "S70": 0.0005,
      "S6": 0.0005,
      "S80": 0.0005,
      "S10": 0.0005,
      "S50": 0.0005,
      "Snapshots": 0.068,
      "S20": 0.0005,
      "S30": 0.0005,
      "S4": 0.0005
    }
  }
}