{
  "fetched_at": "2026-06-03T16:26:17.395700+00:00",
  "region": "koreacentral",
  "currency": "USD",
  "vm_prices": {
    "Standard_D16s_v5": {
      "windows_payg": 1.68,
      "linux_payg": 0.944,
      "linux_1yr": 0.5824200913242009,
      "linux_3yr": 0.372869101978691,
      "windows_1yr": 1.3184200913242008,
      "windows_3yr": 1.108869101978691
    },
    "Standard_D2s_v5": {
      "linux_payg": 0.118,
      "windows_payg": 0.21,
      "linux_1yr": 0.0728310502283105,
      "linux_3yr": 0.04661339421613394,
      "windows_1yr": 0.16483105022831052,
      "windows_3yr": 0.13861339421613394
    },
    "Standard_D64s_v5": {
      "windows_payg": 6.72,
      "linux_payg": 3.776,
      "linux_1yr": 2.3297945205479453,
      "linux_3yr": 1.4915144596651446,
      "windows_1yr": 5.273794520547945,
      "windows_3yr": 4.435514459665145
    },
    "Standard_D32s_v5": {
      "linux_payg": 1.888,
      "windows_payg": 3.36,
      "linux_1yr": 1.1648401826484018,
      "linux_3yr": 0.7457762557077625,
      "windows_1yr": 2.6368401826484016,
      "windows_3yr": 2.2177762557077623
    },
    "Standard_D48s_v5": {
      "linux_payg": 2.832,
      "windows_payg": 5.04,
      "linux_1yr": 1.7473744292237443,
      "linux_3yr": 1.1186453576864537,
      "windows_1yr": 3.9553744292237445,
      "windows_3yr": 3.326645357686454
    },
    "Standard_D8s_v5": {
      "linux_payg": 0.472,
      "windows_payg": 0.84,
      "linux_1yr": 0.29121004566210046,
      "linux_3yr": 0.18645357686453576,
      "windows_1yr": 0.6592100456621004,
      "windows_3yr": 0.5544535768645358
    },
    "Standard_D4s_v5": {
      "windows_payg": 0.42,
      "linux_payg": 0.236,
      "linux_1yr": 0.145662100456621,
      "linux_3yr": 0.09322678843226788,
      "windows_1yr": 0.32966210045662103,
      "windows_3yr": 0.2772267884322679
    },
    "Standard_D96s_v5": {
      "windows_payg": 10.08,
      "linux_payg": 5.664,
      "linux_1yr": 3.494634703196347,
      "linux_3yr": 2.2372907153729074,
      "windows_1yr": 7.910634703196347,
      "windows_3yr": 6.653290715372908
    },
    "Standard_E8s_v5": {
      "linux_payg": 0.608,
      "windows_payg": 0.976,
      "linux_1yr": 0.37511415525114156,
      "linux_3yr": 0.24014459665144597,
      "windows_1yr": 0.7431141552511416,
      "windows_3yr": 0.6081445966514459
    },
    "Standard_E64s_v5": {
      "linux_payg": 4.864,
      "windows_payg": 7.808,
      "linux_1yr": 3.0011415525114153,
      "linux_3yr": 1.9212709284627092,
      "windows_1yr": 5.945141552511416,
      "windows_3yr": 4.865270928462709
    },
    "Standard_E96s_v5": {
      "linux_payg": 7.296,
      "windows_payg": 11.712,
      "linux_1yr": 4.501598173515982,
      "linux_3yr": 2.881925418569254,
      "windows_1yr": 8.91759817351598,
      "windows_3yr": 7.297925418569253
    },
    "Standard_E4s_v5": {
      "linux_payg": 0.304,
      "windows_payg": 0.488,
      "linux_1yr": 0.18755707762557078,
      "linux_3yr": 0.12009132420091324,
      "windows_1yr": 0.3715570776255708,
      "windows_3yr": 0.3040913242009132
    },
    "Standard_E32s_v5": {
      "linux_payg": 2.432,
      "windows_payg": 3.904,
      "linux_1yr": 1.5005707762557077,
      "linux_3yr": 0.9606544901065449,
      "windows_1yr": 2.972570776255708,
      "windows_3yr": 2.432654490106545
    },
    "Standard_E48s_v5": {
      "linux_payg": 3.648,
      "windows_payg": 5.856,
      "linux_1yr": 2.250799086757991,
      "linux_3yr": 1.440943683409437,
      "windows_1yr": 4.45879908675799,
      "windows_3yr": 3.6489436834094366
    },
    "Standard_E20s_v5": {
      "linux_payg": 1.52,
      "windows_payg": 2.44,
      "linux_1yr": 0.9377853881278538,
      "linux_3yr": 0.6004185692541857,
      "windows_1yr": 1.8577853881278537,
      "windows_3yr": 1.5204185692541856
    },
    "Standard_E2s_v5": {
      "windows_payg": 0.244,
      "linux_payg": 0.152,
      "linux_1yr": 0.09383561643835617,
      "linux_3yr": 0.06004566210045662,
      "windows_1yr": 0.18583561643835617,
      "windows_3yr": 0.1520456621004566
    },
    "Standard_E16s_v5": {
      "windows_payg": 1.952,
      "linux_payg": 1.216,
      "linux_1yr": 0.7502283105022831,
      "linux_3yr": 0.48032724505327246,
      "windows_1yr": 1.486228310502283,
      "windows_3yr": 1.2163272450532725
    }
  },
  "disk_prices": {
    "premium-ssd": {
      "Burst Enablement": 33.178,
      "P4": 0.351,
      "P80": 295.65,
      "P10": 1.228,
      "P2": 0.081,
      "P1": 0.0405,
      "P3": 0.162,
      "P6": 0.634,
      "Burst Transactions": 0.00675,
      "P30": 8.87,
      "P15": 2.464,
      "P60": 68.742,
      "Snapshots": 0.132,
      "P50": 34.371,
      "P40": 17.739,
      "P70": 147.82,
      "P20": 4.435,
      "Confidential Compute Encryption": 2.7e-05
    },
    "standard-ssd": {
      "E50": 0.002,
      "E60": 0.002,
      "E30": 0.002,
      "E10": 0.002,
      "E80": 0.002,
      "E15": 0.002,
      "E4": 0.002,
      "E2": 0.081,
      "E6": 0.002,
      "E20": 0.002,
      "Confidential Compute Encryption": 2.1e-05,
      "E70": 0.002,
      "E40": 0.002,
      "E1": 0.0405,
      "Snapshots": 0.132,
      "Disk Transactions": 0.0027,
      "E3": 0.162
    },
    "standard-hdd": {
      "S40": 0.0005,
      "S30": 0.0005,
      "S80": 0.0005,
      "S50": 0.0005,
      "S10": 0.0005,
      "Snapshots": 0.05,
      "S4": 0.0005,
      "S20": 0.0005,
      "S60": 0.0005,
      "S70": 0.0005,
      "Standard HDD Managed Disks - Confidential Compute Encryption": 1.1e-05,
      "S15": 0.0005,
      "S6": 0.0005,
      "Disk Transactions": 0.000675
    }
  }
}