{
  "fetched_at": "2026-06-03T16:26:41.034091+00:00",
  "region": "southafricawest",
  "currency": "USD",
  "vm_prices": {
    "Standard_D4s_v5": {
      "windows_payg": 0.514,
      "linux_payg": 0.33,
      "linux_1yr": 0.20376712328767124,
      "linux_3yr": 0.130441400304414,
      "windows_1yr": 0.38776712328767127,
      "windows_3yr": 0.31444140030441403
    },
    "Standard_D96s_v5": {
      "windows_payg": 12.341,
      "linux_payg": 7.925,
      "linux_1yr": 4.889611872146118,
      "linux_3yr": 3.130289193302892,
      "windows_1yr": 9.305611872146118,
      "windows_3yr": 7.546289193302892
    },
    "Standard_D64s_v5": {
      "windows_payg": 8.227,
      "linux_payg": 5.283,
      "linux_1yr": 3.259703196347032,
      "linux_3yr": 2.0868721461187216,
      "windows_1yr": 6.203703196347032,
      "windows_3yr": 5.030872146118721
    },
    "Standard_D16s_v5": {
      "linux_payg": 1.321,
      "windows_payg": 2.057,
      "linux_1yr": 0.8149543378995434,
      "linux_3yr": 0.5217275494672755,
      "windows_1yr": 1.5509543378995434,
      "windows_3yr": 1.2577275494672755
    },
    "Standard_D48s_v5": {
      "linux_payg": 3.962,
      "windows_payg": 6.17,
      "linux_1yr": 2.444748858447489,
      "linux_3yr": 1.565144596651446,
      "windows_1yr": 4.652748858447488,
      "windows_3yr": 3.773144596651446
    },
    "Standard_D8s_v5": {
      "windows_payg": 1.028,
      "linux_payg": 0.66,
      "linux_1yr": 0.40742009132420093,
      "linux_3yr": 0.2608447488584475,
      "windows_1yr": 0.7754200913242009,
      "windows_3yr": 0.6288447488584474
    },
    "Standard_D2s_v5": {
      "linux_payg": 0.165,
      "windows_payg": 0.257,
      "linux_1yr": 0.10182648401826484,
      "linux_3yr": 0.065220700152207,
      "windows_1yr": 0.19382648401826486,
      "windows_3yr": 0.15722070015220702
    },
    "Standard_D32s_v5": {
      "linux_payg": 2.642,
      "windows_payg": 4.114,
      "linux_1yr": 1.6299086757990868,
      "linux_3yr": 1.0434170471841704,
      "windows_1yr": 3.101908675799087,
      "windows_3yr": 2.5154170471841706
    },
    "Standard_E32s_v5": {
      "linux_payg": 3.494,
      "windows_payg": 4.966,
      "linux_1yr": 2.156050228310502,
      "linux_3yr": 1.380289193302892,
      "windows_1yr": 3.628050228310502,
      "windows_3yr": 2.8522891933028918
    },
    "Standard_E4s_v5": {
      "linux_payg": 0.437,
      "windows_payg": 0.621,
      "linux_1yr": 0.26952054794520547,
      "linux_3yr": 0.17252663622526637,
      "windows_1yr": 0.45352054794520547,
      "windows_3yr": 0.35652663622526637
    },
    "Standard_E48s_v5": {
      "linux_payg": 5.242,
      "windows_payg": 7.45,
      "linux_1yr": 3.2340182648401825,
      "linux_3yr": 2.070433789954338,
      "windows_1yr": 5.442018264840183,
      "windows_3yr": 4.278433789954338
    },
    "Standard_E8s_v5": {
      "linux_payg": 0.874,
      "windows_payg": 1.242,
      "linux_1yr": 0.5390410958904109,
      "linux_3yr": 0.34505327245053274,
      "windows_1yr": 0.9070410958904109,
      "windows_3yr": 0.7130532724505327
    },
    "Standard_E96s_v5": {
      "linux_payg": 10.483,
      "windows_payg": 14.899,
      "linux_1yr": 6.468150684931507,
      "linux_3yr": 4.140867579908676,
      "windows_1yr": 10.884150684931505,
      "windows_3yr": 8.556867579908674
    },
    "Standard_E20s_v5": {
      "windows_payg": 3.104,
      "linux_payg": 2.184,
      "linux_1yr": 1.3474885844748858,
      "linux_3yr": 0.8626712328767123,
      "windows_1yr": 2.2674885844748855,
      "windows_3yr": 1.7826712328767123
    },
    "Standard_E2s_v5": {
      "windows_payg": 0.31,
      "linux_payg": 0.218,
      "linux_1yr": 0.13470319634703196,
      "linux_3yr": 0.08626331811263319,
      "windows_1yr": 0.22670319634703195,
      "windows_3yr": 0.17826331811263318
    },
    "Standard_E64s_v5": {
      "windows_payg": 9.933,
      "linux_payg": 6.989,
      "linux_1yr": 4.312100456621004,
      "linux_3yr": 2.760578386605784,
      "windows_1yr": 7.256100456621004,
      "windows_3yr": 5.7045783866057835
    },
    "Standard_E16s_v5": {
      "linux_payg": 1.747,
      "windows_payg": 2.483,
      "linux_1yr": 1.0779680365296804,
      "linux_3yr": 0.690144596651446,
      "windows_1yr": 1.8139680365296804,
      "windows_3yr": 1.4261445966514459
    }
  },
  "disk_prices": {
    "premium-ssd": {
      "P6": 0.892,
      "P4": 0.493,
      "P1": 0.0569,
      "P30": 12.47,
      "P50": 48.494,
      "P40": 24.94,
      "P10": 1.727,
      "P15": 3.464,
      "P60": 96.988,
      "Burst Enablement": 46.645,
      "Snapshots": 0.202,
      "P80": 415.66,
      "P70": 207.83,
      "P3": 0.228,
      "P20": 6.235,
      "P2": 0.114,
      "Burst Transactions": 0.00949,
      "Confidential Compute Encryption": 5e-05
    },
    "standard-ssd": {
      "E15": 0.002,
      "E30": 0.002,
      "E10": 0.002,
      "E20": 0.002,
      "E60": 0.002,
      "Disk Transactions": 0.0038,
      "E40": 0.002,
      "E80": 0.002,
      "E1": 0.0569,
      "E6": 0.002,
      "E50": 0.002,
      "E3": 0.228,
      "Snapshots": 0.202,
      "E70": 0.002,
      "E2": 0.114,
      "E4": 0.002,
      "Confidential Compute Encryption": 3.5e-05
    },
    "standard-hdd": {
      "S6": 0.0005,
      "S80": 0.0005,
      "Snapshots": 0.084,
      "S4": 0.0005,
      "S50": 0.0005,
      "S40": 0.0005,
      "S10": 0.0005,
      "S70": 0.0005,
      "S15": 0.0005,
      "S20": 0.0005,
      "S30": 0.0005,
      "Disk Transactions": 0.000949,
      "S60": 0.0005,
      "Standard HDD Managed Disks - Confidential Compute Encryption": 1.5e-05
    }
  }
}