{
  "fetched_at": "2026-06-03T16:25:11.630754+00:00",
  "region": "ukwest",
  "currency": "USD",
  "vm_prices": {
    "Standard_D48s_v5": {
      "linux_payg": 2.788,
      "windows_payg": 4.996,
      "linux_1yr": 1.7200913242009133,
      "linux_3yr": 1.101179604261796,
      "windows_1yr": 3.928091324200914,
      "windows_3yr": 3.3091796042617965
    },
    "Standard_D96s_v5": {
      "linux_payg": 5.576,
      "windows_payg": 9.992,
      "linux_1yr": 3.4401826484018265,
      "linux_3yr": 2.2023972602739725,
      "windows_1yr": 7.856182648401828,
      "windows_3yr": 6.618397260273974
    },
    "Standard_D8s_v5": {
      "linux_payg": 0.465,
      "windows_payg": 0.833,
      "linux_1yr": 0.28664383561643836,
      "linux_3yr": 0.18352359208523591,
      "windows_1yr": 0.6546438356164384,
      "windows_3yr": 0.5515235920852358
    },
    "Standard_D4s_v5": {
      "windows_payg": 0.416,
      "linux_payg": 0.232,
      "linux_1yr": 0.14337899543378996,
      "linux_3yr": 0.09178082191780822,
      "windows_1yr": 0.3273789954337899,
      "windows_3yr": 0.27578082191780817
    },
    "Standard_D64s_v5": {
      "linux_payg": 3.717,
      "windows_payg": 6.661,
      "linux_1yr": 2.2934931506849314,
      "linux_3yr": 1.4682648401826484,
      "windows_1yr": 5.237493150684931,
      "windows_3yr": 4.412264840182647
    },
    "Standard_D2s_v5": {
      "windows_payg": 0.208,
      "linux_payg": 0.116,
      "linux_1yr": 0.07168949771689498,
      "linux_3yr": 0.04589041095890411,
      "windows_1yr": 0.16368949771689495,
      "windows_3yr": 0.13789041095890409
    },
    "Standard_D16s_v5": {
      "linux_payg": 0.929,
      "windows_payg": 1.665,
      "linux_1yr": 0.5734018264840183,
      "linux_3yr": 0.36704718417047183,
      "windows_1yr": 1.3094018264840184,
      "windows_3yr": 1.1030471841704719
    },
    "Standard_D32s_v5": {
      "windows_payg": 3.331,
      "linux_payg": 1.859,
      "linux_1yr": 1.1466894977168949,
      "linux_3yr": 0.7341324200913242,
      "windows_1yr": 2.618689497716895,
      "windows_3yr": 2.206132420091324
    },
    "Standard_E64s_v5": {
      "linux_payg": 4.879,
      "windows_payg": 7.823,
      "linux_1yr": 3.010159817351598,
      "linux_3yr": 1.9270928462709285,
      "windows_1yr": 5.954159817351599,
      "windows_3yr": 4.87109284627093
    },
    "Standard_E32s_v5": {
      "linux_payg": 2.439,
      "windows_payg": 3.911,
      "linux_1yr": 1.50513698630137,
      "linux_3yr": 0.9635464231354642,
      "windows_1yr": 2.97713698630137,
      "windows_3yr": 2.435546423135464
    },
    "Standard_E96s_v5": {
      "linux_payg": 7.318,
      "windows_payg": 11.734,
      "linux_1yr": 4.515296803652968,
      "linux_3yr": 2.8906392694063925,
      "windows_1yr": 8.93129680365297,
      "windows_3yr": 7.306639269406393
    },
    "Standard_E48s_v5": {
      "linux_payg": 3.659,
      "windows_payg": 5.867,
      "linux_1yr": 2.257648401826484,
      "linux_3yr": 1.4453196347031962,
      "windows_1yr": 4.465648401826485,
      "windows_3yr": 3.6533196347031964
    },
    "Standard_E20s_v5": {
      "linux_payg": 1.525,
      "windows_payg": 2.445,
      "linux_1yr": 0.9406392694063926,
      "linux_3yr": 0.60220700152207,
      "windows_1yr": 1.8606392694063927,
      "windows_3yr": 1.52220700152207
    },
    "Standard_E4s_v5": {
      "linux_payg": 0.305,
      "windows_payg": 0.489,
      "linux_1yr": 0.18812785388127853,
      "linux_3yr": 0.1204337899543379,
      "windows_1yr": 0.37212785388127856,
      "windows_3yr": 0.3044337899543379
    },
    "Standard_E8s_v5": {
      "windows_payg": 0.978,
      "linux_payg": 0.61,
      "linux_1yr": 0.37625570776255707,
      "linux_3yr": 0.24090563165905632,
      "windows_1yr": 0.7442557077625571,
      "windows_3yr": 0.6089056316590563
    },
    "Standard_E16s_v5": {
      "windows_payg": 1.956,
      "linux_payg": 1.22,
      "linux_1yr": 0.7525114155251141,
      "linux_3yr": 0.4817732115677321,
      "windows_1yr": 1.4885114155251142,
      "windows_3yr": 1.217773211567732
    },
    "Standard_E2s_v5": {
      "windows_payg": 0.244,
      "linux_payg": 0.152,
      "linux_1yr": 0.09406392694063927,
      "linux_3yr": 0.06023592085235921,
      "windows_1yr": 0.18606392694063928,
      "windows_3yr": 0.1522359208523592
    }
  },
  "disk_prices": {
    "premium-ssd": {
      "P3": 0.157,
      "P6": 0.616,
      "P60": 66.941,
      "P50": 33.47,
      "P30": 8.607,
      "P15": 2.391,
      "P4": 0.341,
      "P2": 0.0786,
      "Burst Enablement": 32.195,
      "Snapshots": 0.16,
      "P70": 143.44,
      "Burst Transactions": 0.00655,
      "P1": 0.0393,
      "P40": 17.213,
      "P80": 286.89,
      "Confidential Compute Encryption": 3.6e-05,
      "P10": 1.192,
      "P20": 4.303
    },
    "standard-ssd": {
      "E30": 0.002,
      "E2": 0.0786,
      "E80": 0.002,
      "E60": 0.002,
      "E70": 0.002,
      "E50": 0.002,
      "E3": 0.157,
      "E20": 0.002,
      "E40": 0.002,
      "E1": 0.0393,
      "E4": 0.002,
      "Confidential Compute Encryption": 2.3e-05,
      "E6": 0.002,
      "Disk Transactions": 0.00262,
      "E10": 0.002,
      "E15": 0.002,
      "Snapshots": 0.16
    },
    "standard-hdd": {
      "S4": 0.0005,
      "S20": 0.0005,
      "S30": 0.0005,
      "S10": 0.0005,
      "S70": 0.0005,
      "S50": 0.0005,
      "S60": 0.0005,
      "S15": 0.0005,
      "Standard HDD Managed Disks - Confidential Compute Encryption": 1.1e-05,
      "S6": 0.0005,
      "S40": 0.0005,
      "S80": 0.0005,
      "Snapshots": 0.053,
      "Disk Transactions": 0.000655
    }
  }
}