{
  "fetched_at": "2026-06-03T16:25:58.871516+00:00",
  "region": "australiacentral",
  "currency": "USD",
  "vm_prices": {
    "Standard_D2s_v5": {
      "linux_payg": 0.12,
      "windows_payg": 0.212,
      "linux_1yr": 0.07408675799086759,
      "linux_3yr": 0.04741248097412481,
      "windows_1yr": 0.16608675799086758,
      "windows_3yr": 0.13941248097412481
    },
    "Standard_D16s_v5": {
      "windows_payg": 1.696,
      "linux_payg": 0.96,
      "linux_1yr": 0.592351598173516,
      "linux_3yr": 0.3791856925418569,
      "windows_1yr": 1.3283515981735161,
      "windows_3yr": 1.1151856925418568
    },
    "Standard_D64s_v5": {
      "linux_payg": 3.84,
      "windows_payg": 6.784,
      "linux_1yr": 2.3692922374429224,
      "linux_3yr": 1.5168188736681887,
      "windows_1yr": 5.313292237442923,
      "windows_3yr": 4.460818873668188
    },
    "Standard_D48s_v5": {
      "linux_payg": 2.88,
      "windows_payg": 5.088,
      "linux_1yr": 1.7769406392694065,
      "linux_3yr": 1.1375951293759512,
      "windows_1yr": 3.9849406392694067,
      "windows_3yr": 3.345595129375951
    },
    "Standard_D96s_v5": {
      "linux_payg": 5.76,
      "windows_payg": 10.176,
      "linux_1yr": 3.553881278538813,
      "linux_3yr": 2.2751902587519024,
      "windows_1yr": 7.969881278538813,
      "windows_3yr": 6.691190258751902
    },
    "Standard_D32s_v5": {
      "windows_payg": 3.392,
      "linux_payg": 1.92,
      "linux_1yr": 1.1845890410958904,
      "linux_3yr": 0.7584094368340943,
      "windows_1yr": 2.6565890410958906,
      "windows_3yr": 2.230409436834094
    },
    "Standard_D4s_v5": {
      "windows_payg": 0.424,
      "linux_payg": 0.24,
      "linux_1yr": 0.14805936073059361,
      "linux_3yr": 0.0947869101978691,
      "windows_1yr": 0.3320593607305936,
      "windows_3yr": 0.2787869101978691
    },
    "Standard_D8s_v5": {
      "windows_payg": 0.848,
      "linux_payg": 0.48,
      "linux_1yr": 0.29611872146118723,
      "linux_3yr": 0.18961187214611872,
      "windows_1yr": 0.6641187214611872,
      "windows_3yr": 0.5576118721461187
    },
    "Standard_E96s_v5": {
      "linux_payg": 7.248,
      "windows_payg": 11.664,
      "linux_1yr": 4.47203196347032,
      "linux_3yr": 2.8629756468797565,
      "windows_1yr": 8.888031963470318,
      "windows_3yr": 7.278975646879756
    },
    "Standard_E32s_v5": {
      "linux_payg": 2.416,
      "windows_payg": 3.888,
      "linux_1yr": 1.4906392694063928,
      "linux_3yr": 0.954337899543379,
      "windows_1yr": 2.9626392694063926,
      "windows_3yr": 2.426337899543379
    },
    "Standard_E48s_v5": {
      "linux_payg": 3.624,
      "windows_payg": 5.832,
      "linux_1yr": 2.235958904109589,
      "linux_3yr": 1.431468797564688,
      "windows_1yr": 4.443958904109589,
      "windows_3yr": 3.639468797564688
    },
    "Standard_E4s_v5": {
      "windows_payg": 0.486,
      "linux_payg": 0.302,
      "linux_1yr": 0.1863013698630137,
      "linux_3yr": 0.11929223744292237,
      "windows_1yr": 0.3703013698630137,
      "windows_3yr": 0.3032922374429224
    },
    "Standard_E20s_v5": {
      "linux_payg": 1.51,
      "windows_payg": 2.43,
      "linux_1yr": 0.93162100456621,
      "linux_3yr": 0.5964611872146118,
      "windows_1yr": 1.8516210045662103,
      "windows_3yr": 1.5164611872146119
    },
    "Standard_E64s_v5": {
      "linux_payg": 4.832,
      "windows_payg": 7.776,
      "linux_1yr": 2.981392694063927,
      "linux_3yr": 1.9086377473363774,
      "windows_1yr": 5.925392694063927,
      "windows_3yr": 4.852637747336377
    },
    "Standard_E8s_v5": {
      "windows_payg": 0.972,
      "linux_payg": 0.604,
      "linux_1yr": 0.3727168949771689,
      "linux_3yr": 0.23858447488584475,
      "windows_1yr": 0.740716894977169,
      "windows_3yr": 0.6065844748858448
    },
    "Standard_E16s_v5": {
      "linux_payg": 1.208,
      "windows_payg": 1.944,
      "linux_1yr": 0.7453196347031964,
      "linux_3yr": 0.4771689497716895,
      "windows_1yr": 1.4813196347031963,
      "windows_3yr": 1.2131689497716895
    },
    "Standard_E2s_v5": {
      "windows_payg": 0.243,
      "linux_payg": 0.151,
      "linux_1yr": 0.09315068493150686,
      "linux_3yr": 0.05962709284627093,
      "windows_1yr": 0.18515068493150685,
      "windows_3yr": 0.15162709284627093
    }
  },
  "disk_prices": {
    "premium-ssd": {
      "P3": 0.174,
      "P6": 0.682,
      "P1": 0.0435,
      "P30": 9.526,
      "P20": 4.763,
      "P10": 1.32,
      "Burst Transactions": 0.00725,
      "P80": 317.55,
      "P60": 74.095,
      "P70": 158.78,
      "P4": 0.377,
      "Burst Enablement": 35.635,
      "Confidential Compute Encryption": 2.7e-05,
      "P15": 2.646,
      "P40": 19.053,
      "P2": 0.087,
      "P50": 37.048,
      "Snapshots": 0.132
    },
    "standard-ssd": {
      "E1": 0.0435,
      "E6": 0.002,
      "E70": 0.002,
      "Confidential Compute Encryption": 2.8e-05,
      "E10": 0.002,
      "E2": 0.087,
      "E50": 0.002,
      "E15": 0.002,
      "E80": 0.002,
      "E20": 0.002,
      "E30": 0.002,
      "E3": 0.174,
      "E40": 0.002,
      "E60": 0.002,
      "Snapshots": 0.132,
      "E4": 0.002,
      "Disk Transactions": 0.0029
    },
    "standard-hdd": {
      "S4": 0.0005,
      "S50": 0.0005,
      "S15": 0.0005,
      "S70": 0.0005,
      "S40": 0.0005,
      "S10": 0.0005,
      "Disk Transactions": 0.000725,
      "Snapshots": 0.055,
      "S20": 0.0005,
      "Standard HDD Managed Disks - Confidential Compute Encryption": 1.3e-05,
      "S80": 0.0005,
      "S60": 0.0005,
      "S30": 0.0005,
      "S6": 0.0005
    }
  }
}