{
  "fetched_at": "2026-06-29T07:46:39.331775+00:00",
  "region": "westeurope",
  "currencies": {
    "SEK": {
      "vm_prices": {
        "Standard_D2s_v5": {
          "linux_payg": 1.068339,
          "windows_payg": 1.923009,
          "linux_1yr": 0.6596253196347032,
          "linux_3yr": 0.4220753652968037,
          "windows_1yr": 1.5142953196347033,
          "windows_3yr": 1.2767453652968037
        },
        "Standard_D4s_v5": {
          "linux_payg": 2.136677,
          "windows_payg": 3.846019,
          "linux_1yr": 1.3181901484018266,
          "linux_3yr": 0.8441507305936073,
          "windows_1yr": 3.0275321484018267,
          "windows_3yr": 2.5534927305936073
        },
        "Standard_D16s_v5": {
          "windows_payg": 15.384074,
          "linux_payg": 8.546708,
          "linux_1yr": 5.2738210844748865,
          "linux_3yr": 3.3758959284627093,
          "windows_1yr": 12.111187084474885,
          "windows_3yr": 10.213261928462709
        },
        "Standard_D64s_v5": {
          "linux_payg": 34.186832,
          "windows_payg": 61.536298,
          "linux_1yr": 21.093163356164386,
          "linux_3yr": 13.503937210806699,
          "windows_1yr": 48.44262935616439,
          "windows_3yr": 40.8534032108067
        },
        "Standard_D32s_v5": {
          "linux_payg": 17.093416,
          "windows_payg": 30.768149,
          "linux_1yr": 10.546581678082193,
          "linux_3yr": 6.7517918569254185,
          "windows_1yr": 24.221314678082194,
          "windows_3yr": 20.42652485692542
        },
        "Standard_D8s_v5": {
          "linux_payg": 4.273354,
          "windows_payg": 7.692037,
          "linux_1yr": 2.636380296803653,
          "linux_3yr": 1.6879479642313546,
          "windows_1yr": 6.055063296803652,
          "windows_3yr": 5.106630964231354
        },
        "Standard_D96s_v5": {
          "windows_payg": 92.304446,
          "linux_payg": 51.280248,
          "linux_1yr": 31.639745034246573,
          "linux_3yr": 20.255729067732116,
          "windows_1yr": 72.66394303424657,
          "windows_3yr": 61.27992706773212
        },
        "Standard_D48s_v5": {
          "linux_payg": 25.640124,
          "windows_payg": 46.152223,
          "linux_1yr": 15.820402762557078,
          "linux_3yr": 10.127687785388128,
          "windows_1yr": 36.33250176255708,
          "windows_3yr": 30.639786785388125
        },
        "Standard_E16s_v5": {
          "windows_payg": 18.133885,
          "linux_payg": 11.296518,
          "linux_1yr": 6.96954598173516,
          "linux_3yr": 4.462192073820396,
          "windows_1yr": 13.80691298173516,
          "windows_3yr": 11.299559073820394
        },
        "Standard_E4s_v5": {
          "windows_payg": 4.533471,
          "linux_payg": 2.82413,
          "linux_1yr": 1.74238649543379,
          "linux_3yr": 1.115636392694064,
          "windows_1yr": 3.45172749543379,
          "windows_3yr": 2.8249773926940636
        },
        "Standard_E2s_v5": {
          "windows_payg": 2.266736,
          "linux_payg": 1.412065,
          "linux_1yr": 0.871723493150685,
          "linux_3yr": 0.557818196347032,
          "windows_1yr": 1.726394493150685,
          "windows_3yr": 1.4124891963470319
        },
        "Standard_E64s_v5": {
          "windows_payg": 72.535539,
          "linux_payg": 45.186074,
          "linux_1yr": 27.880304908675797,
          "linux_3yr": 17.848414798325724,
          "windows_1yr": 55.2297699086758,
          "windows_3yr": 45.19787979832573
        },
        "Standard_E48s_v5": {
          "linux_payg": 33.889555,
          "windows_payg": 54.401654,
          "linux_1yr": 20.90969843607306,
          "linux_3yr": 13.386222724505329,
          "windows_1yr": 41.421797436073064,
          "windows_3yr": 33.89832172450533
        },
        "Standard_E32s_v5": {
          "windows_payg": 36.26777,
          "linux_payg": 22.593037,
          "linux_1yr": 13.940152454337898,
          "linux_3yr": 8.924384147640792,
          "windows_1yr": 27.614885454337898,
          "windows_3yr": 22.59911714764079
        },
        "Standard_E96s_v5": {
          "linux_payg": 67.77911,
          "windows_payg": 108.803309,
          "linux_1yr": 41.81939687214612,
          "linux_3yr": 26.772798945966514,
          "windows_1yr": 82.84359587214612,
          "windows_3yr": 67.79699794596651
        },
        "Standard_E20s_v5": {
          "linux_payg": 14.120648,
          "windows_payg": 22.667356,
          "linux_1yr": 8.71193247716895,
          "linux_3yr": 5.577828466514459,
          "windows_1yr": 17.258640477168953,
          "windows_3yr": 14.124536466514462
        },
        "Standard_E8s_v5": {
          "windows_payg": 9.066942,
          "linux_payg": 5.648259,
          "linux_1yr": 3.48477299086758,
          "linux_3yr": 2.230919288432268,
          "windows_1yr": 6.903455990867579,
          "windows_3yr": 5.649602288432266
        }
      },
      "disk_prices": {
        "premium-ssd": {
          "P60": 614.898481,
          "P40": 158.680782,
          "Confidential Compute Encryption": 0.000279,
          "P20": 39.667873,
          "P10": 10.989952,
          "P15": 22.035643,
          "Burst Enablement": 296.803015,
          "P3": 1.449224,
          "P80": 2644.741631,
          "P6": 5.676129,
          "Snapshots": 1.347036,
          "P30": 79.345036,
          "P1": 0.362306,
          "P50": 307.449241,
          "P2": 0.724612,
          "P70": 1322.324366,
          "P4": 3.139986,
          "Burst Transactions": 0.060384
        },
        "standard-ssd": {
          "Disk Transactions": 0.024154,
          "E50": 0.01858,
          "E40": 0.01858,
          "E70": 0.01858,
          "E15": 0.01858,
          "E6": 0.01858,
          "E20": 0.01858,
          "E10": 0.01858,
          "E2": 0.724612,
          "Snapshots": 1.347036,
          "E4": 0.01858,
          "E3": 1.449224,
          "E60": 0.01858,
          "E80": 0.01858,
          "Confidential Compute Encryption": 0.000195,
          "E30": 0.01858,
          "E1": 0.362306
        },
        "standard-hdd": {
          "Standard HDD Managed Disks - Confidential Compute Encryption": 0.000102,
          "S40": 0.004645,
          "S4": 0.004645,
          "Disk Transactions": 0.006038,
          "S50": 0.004645,
          "S15": 0.004645,
          "S60": 0.004645,
          "S80": 0.004645,
          "S30": 0.004645,
          "Snapshots": 0.464495,
          "S20": 0.004645,
          "S70": 0.004645,
          "S10": 0.004645,
          "S6": 0.004645
        }
      }
    },
    "EUR": {
      "vm_prices": {
        "Standard_D2s_v5": {
          "linux_payg": 0.098912,
          "windows_payg": 0.178042,
          "linux_1yr": 0.06107131655251142,
          "linux_3yr": 0.03907778778538813,
          "windows_1yr": 0.14020131655251142,
          "windows_3yr": 0.11820778778538814
        },
        "Standard_D4s_v5": {
          "linux_payg": 0.197824,
          "windows_payg": 0.356083,
          "linux_1yr": 0.12204444771689497,
          "linux_3yr": 0.0781555755327245,
          "windows_1yr": 0.28030344771689497,
          "windows_3yr": 0.2364145755327245
        },
        "Standard_D16s_v5": {
          "windows_payg": 1.424332,
          "linux_payg": 0.791296,
          "linux_1yr": 0.48827597636986303,
          "linux_3yr": 0.3125568452435312,
          "windows_1yr": 1.121311976369863,
          "windows_3yr": 0.9455928452435312
        },
        "Standard_D64s_v5": {
          "linux_payg": 3.165183,
          "windows_payg": 5.697329,
          "linux_1yr": 1.9529075347031961,
          "linux_3yr": 1.250260109474886,
          "windows_1yr": 4.485053534703196,
          "windows_3yr": 3.782406109474886
        },
        "Standard_D32s_v5": {
          "linux_payg": 1.582591,
          "windows_payg": 2.848665,
          "linux_1yr": 0.9764537673515981,
          "linux_3yr": 0.6251136905251141,