{
  "fetched_at": "2026-06-03T16:24:17.201503+00:00",
  "region": "northeurope",
  "currency": "USD",
  "vm_prices": {
    "Standard_D16s_v5": {
      "windows_payg": 1.592,
      "linux_payg": 0.856,
      "linux_1yr": 0.5281963470319635,
      "linux_3yr": 0.33812785388127853,
      "windows_1yr": 1.2641963470319637,
      "windows_3yr": 1.0741278538812786
    },
    "Standard_D32s_v5": {
      "windows_payg": 3.184,
      "linux_payg": 1.712,
      "linux_1yr": 1.0562785388127853,
      "linux_3yr": 0.6762557077625571,
      "windows_1yr": 2.5282785388127857,
      "windows_3yr": 2.1482557077625573
    },
    "Standard_D4s_v5": {
      "linux_payg": 0.214,
      "windows_payg": 0.398,
      "linux_1yr": 0.13207762557077626,
      "linux_3yr": 0.08451293759512937,
      "windows_1yr": 0.3160776255707763,
      "windows_3yr": 0.2685129375951294
    },
    "Standard_D96s_v5": {
      "windows_payg": 9.552,
      "linux_payg": 5.136,
      "linux_1yr": 3.1689497716894977,
      "linux_3yr": 2.0287290715372905,
      "windows_1yr": 7.584949771689497,
      "windows_3yr": 6.4447290715372905
    },
    "Standard_D8s_v5": {
      "windows_payg": 0.796,
      "linux_payg": 0.428,
      "linux_1yr": 0.26404109589041097,
      "linux_3yr": 0.16906392694063926,
      "windows_1yr": 0.632041095890411,
      "windows_3yr": 0.5370639269406393
    },
    "Standard_D64s_v5": {
      "linux_payg": 3.424,
      "windows_payg": 6.368,
      "linux_1yr": 2.1125570776255707,
      "linux_3yr": 1.3524733637747337,
      "windows_1yr": 5.0565570776255715,
      "windows_3yr": 4.296473363774734
    },
    "Standard_D2s_v5": {
      "linux_payg": 0.107,
      "windows_payg": 0.199,
      "linux_1yr": 0.06598173515981735,
      "linux_3yr": 0.042275494672754946,
      "windows_1yr": 0.15798173515981737,
      "windows_3yr": 0.13427549467275496
    },
    "Standard_D48s_v5": {
      "windows_payg": 4.776,
      "linux_payg": 2.568,
      "linux_1yr": 1.5844748858447488,
      "linux_3yr": 1.014345509893455,
      "windows_1yr": 3.7924748858447486,
      "windows_3yr": 3.222345509893455
    },
    "Standard_E32s_v5": {
      "linux_payg": 2.256,
      "windows_payg": 3.728,
      "linux_1yr": 1.3918949771689497,
      "linux_3yr": 0.8911339421613395,
      "windows_1yr": 2.8638949771689504,
      "windows_3yr": 2.36313394216134
    },
    "Standard_E64s_v5": {
      "linux_payg": 4.512,
      "windows_payg": 7.456,
      "linux_1yr": 2.783904109589041,
      "linux_3yr": 1.7822298325722983,
      "windows_1yr": 5.727904109589042,
      "windows_3yr": 4.726229832572299
    },
    "Standard_E8s_v5": {
      "windows_payg": 0.932,
      "linux_payg": 0.564,
      "linux_1yr": 0.34794520547945207,
      "linux_3yr": 0.22279299847793,
      "windows_1yr": 0.7159452054794522,
      "windows_3yr": 0.5907929984779301
    },
    "Standard_E48s_v5": {
      "windows_payg": 5.592,
      "linux_payg": 3.384,
      "linux_1yr": 2.0878995433789953,
      "linux_3yr": 1.336681887366819,
      "windows_1yr": 4.2958995433789955,
      "windows_3yr": 3.544681887366819
    },
    "Standard_E4s_v5": {
      "linux_payg": 0.282,
      "windows_payg": 0.466,
      "linux_1yr": 0.17397260273972603,
      "linux_3yr": 0.11137747336377474,
      "windows_1yr": 0.3579726027397261,
      "windows_3yr": 0.2953774733637748
    },
    "Standard_E96s_v5": {
      "windows_payg": 11.184,
      "linux_payg": 6.768,
      "linux_1yr": 4.175799086757991,
      "linux_3yr": 2.673363774733638,
      "windows_1yr": 8.591799086757991,
      "windows_3yr": 7.089363774733638
    },
    "Standard_E16s_v5": {
      "windows_payg": 1.864,
      "linux_payg": 1.128,
      "linux_1yr": 0.6960045662100457,
      "linux_3yr": 0.44554794520547947,
      "windows_1yr": 1.432004566210046,
      "windows_3yr": 1.1815479452054798
    },
    "Standard_E20s_v5": {
      "windows_payg": 2.33,
      "linux_payg": 1.41,
      "linux_1yr": 0.8699771689497717,
      "linux_3yr": 0.5569634703196347,
      "windows_1yr": 1.7899771689497719,
      "windows_3yr": 1.4769634703196348
    },
    "Standard_E2s_v5": {
      "windows_payg": 0.233,
      "linux_payg": 0.141,
      "linux_1yr": 0.08698630136986302,
      "linux_3yr": 0.05570776255707763,
      "windows_1yr": 0.17898630136986304,
      "windows_3yr": 0.14770776255707765
    }
  },
  "disk_prices": {
    "premium-ssd": {
      "P15": 2.19,
      "Burst Enablement": 29.491,
      "Confidential Compute Encryption": 2.7e-05,
      "Burst Transactions": 0.006,
      "P50": 30.55,
      "P1": 0.036,
      "P70": 131.4,
      "P60": 61.101,
      "P3": 0.144,
      "P40": 15.768,
      "P80": 262.8,
      "P30": 7.884,
      "P20": 3.942,
      "P4": 0.312,
      "P2": 0.072,
      "P10": 1.092,
      "P6": 0.564,
      "Snapshots": 0.132
    },
    "standard-ssd": {
      "E60": 0.002,
      "E40": 0.002,
      "E70": 0.002,
      "E15": 0.002,
      "E1": 0.036,
      "E6": 0.002,
      "E50": 0.002,
      "E10": 0.002,
      "E80": 0.002,
      "E3": 0.144,
      "E4": 0.002,
      "E20": 0.002,
      "Confidential Compute Encryption": 2.1e-05,
      "Disk Transactions": 0.0024,
      "E2": 0.072,
      "E30": 0.002,
      "Snapshots": 0.132
    },
    "standard-hdd": {
      "S70": 0.0005,
      "S4": 0.0005,
      "S10": 0.0005,
      "S15": 0.0005,
      "S20": 0.0005,
      "Standard HDD Managed Disks - Confidential Compute Encryption": 1.1e-05,
      "Snapshots": 0.05,
      "S80": 0.0005,
      "S30": 0.0005,
      "S6": 0.0005,
      "S50": 0.0005,
      "S60": 0.0005,
      "S40": 0.0005,
      "Disk Transactions": 0.0006
    }
  }
}