{
  "fetched_at": "2026-06-03T16:26:37.548944+00:00",
  "region": "southafricanorth",
  "currency": "USD",
  "vm_prices": {
    "Standard_D96s_v5": {
      "linux_payg": 6.096,
      "windows_payg": 10.512,
      "linux_1yr": 3.7611872146118723,
      "linux_3yr": 2.407914764079148,
      "windows_1yr": 8.177187214611873,
      "windows_3yr": 6.823914764079149
    },
    "Standard_D2s_v5": {
      "linux_payg": 0.127,
      "windows_payg": 0.219,
      "linux_1yr": 0.07831050228310503,
      "linux_3yr": 0.05015220700152207,
      "windows_1yr": 0.17031050228310501,
      "windows_3yr": 0.14215220700152206
    },
    "Standard_D16s_v5": {
      "windows_payg": 1.752,
      "linux_payg": 1.016,
      "linux_1yr": 0.6268264840182648,
      "linux_3yr": 0.40133181126331813,
      "windows_1yr": 1.3628264840182647,
      "windows_3yr": 1.1373318112633182
    },
    "Standard_D4s_v5": {
      "windows_payg": 0.438,
      "linux_payg": 0.254,
      "linux_1yr": 0.1567351598173516,
      "linux_3yr": 0.10034246575342466,
      "windows_1yr": 0.3407351598173516,
      "windows_3yr": 0.28434246575342464
    },
    "Standard_D48s_v5": {
      "windows_payg": 5.256,
      "linux_payg": 3.048,
      "linux_1yr": 1.8805936073059362,
      "linux_3yr": 1.203957382039574,
      "windows_1yr": 4.088593607305937,
      "windows_3yr": 3.4119573820395743
    },
    "Standard_D32s_v5": {
      "windows_payg": 3.504,
      "linux_payg": 2.032,
      "linux_1yr": 1.2537671232876713,
      "linux_3yr": 0.8026255707762557,
      "windows_1yr": 2.725767123287671,
      "windows_3yr": 2.274625570776256
    },
    "Standard_D64s_v5": {
      "windows_payg": 7.008,
      "linux_payg": 4.064,
      "linux_1yr": 2.5075342465753425,
      "linux_3yr": 1.6052891933028919,
      "windows_1yr": 5.451534246575342,
      "windows_3yr": 4.549289193302892
    },
    "Standard_D8s_v5": {
      "windows_payg": 0.876,
      "linux_payg": 0.508,
      "linux_1yr": 0.3134703196347032,
      "linux_3yr": 0.2006468797564688,
      "windows_1yr": 0.6814703196347032,
      "windows_3yr": 0.5686468797564688
    },
    "Standard_E8s_v5": {
      "windows_payg": 1.04,
      "linux_payg": 0.672,
      "linux_1yr": 0.4146118721461187,
      "linux_3yr": 0.2654490106544901,
      "windows_1yr": 0.7826118721461187,
      "windows_3yr": 0.6334490106544901
    },
    "Standard_E2s_v5": {
      "linux_payg": 0.168,
      "windows_payg": 0.26,
      "linux_1yr": 0.10365296803652968,
      "linux_3yr": 0.06636225266362253,
      "windows_1yr": 0.19565296803652968,
      "windows_3yr": 0.15836225266362253
    },
    "Standard_E32s_v5": {
      "linux_payg": 2.688,
      "windows_payg": 4.16,
      "linux_1yr": 1.6584474885844749,
      "linux_3yr": 1.0617579908675798,
      "windows_1yr": 3.130447488584475,
      "windows_3yr": 2.5337579908675796
    },
    "Standard_E4s_v5": {
      "linux_payg": 0.336,
      "windows_payg": 0.52,
      "linux_1yr": 0.20730593607305936,
      "linux_3yr": 0.13272450532724506,
      "windows_1yr": 0.39130593607305936,
      "windows_3yr": 0.31672450532724505
    },
    "Standard_E48s_v5": {
      "linux_payg": 4.032,
      "windows_payg": 6.24,
      "linux_1yr": 2.487785388127854,
      "linux_3yr": 1.59265601217656,
      "windows_1yr": 4.695785388127854,
      "windows_3yr": 3.8006560121765602
    },
    "Standard_E64s_v5": {
      "linux_payg": 5.376,
      "windows_payg": 8.32,
      "linux_1yr": 3.3170091324200914,
      "linux_3yr": 2.1235159817351597,
      "windows_1yr": 6.261009132420091,
      "windows_3yr": 5.067515981735159
    },
    "Standard_E20s_v5": {
      "windows_payg": 2.6,
      "linux_payg": 1.68,
      "linux_1yr": 1.0365296803652968,
      "linux_3yr": 0.6635844748858447,
      "windows_1yr": 1.956529680365297,
      "windows_3yr": 1.583584474885845
    },
    "Standard_E96s_v5": {
      "linux_payg": 8.064,
      "windows_payg": 12.48,
      "linux_1yr": 4.975456621004566,
      "linux_3yr": 3.1852739726027397,
      "windows_1yr": 9.391456621004567,
      "windows_3yr": 7.6012739726027405
    },
    "Standard_E16s_v5": {
      "linux_payg": 1.344,
      "windows_payg": 2.08,
      "linux_1yr": 0.8292237442922374,
      "linux_3yr": 0.5308980213089802,
      "windows_1yr": 1.5652237442922374,
      "windows_3yr": 1.2668980213089802
    }
  },
  "disk_prices": {
    "premium-ssd": {
      "Snapshots": 0.05,
      "P1": 0.0438,
      "P4": 0.379,
      "P30": 9.592,
      "P2": 0.0876,
      "P80": 319.74,
      "P50": 37.171,
      "P3": 0.175,
      "P6": 0.686,
      "Burst Transactions": 0.0073,
      "P60": 74.342,
      "Confidential Compute Encryption": 6.7e-05,
      "P70": 159.87,
      "P20": 4.796,
      "P15": 2.664,
      "P10": 1.329,
      "P40": 19.184,
      "Burst Enablement": 35.881
    },
    "standard-ssd": {
      "Disk Transactions": 0.00292,
      "E4": 0.002,
      "E60": 0.002,
      "E70": 0.002,
      "E15": 0.002,
      "E80": 0.002,
      "Snapshots": 0.175,
      "E3": 0.175,
      "E40": 0.002,
      "E6": 0.002,
      "E50": 0.002,
      "E30": 0.002,
      "E20": 0.002,
      "E10": 0.002,
      "Confidential Compute Encryption": 2.8e-05,
      "E2": 0.0876,
      "E1": 0.0438
    },
    "standard-hdd": {
      "S50": 0.0005,
      "Snapshots": 0.067,
      "S20": 0.0005,
      "Standard HDD Managed Disks - Confidential Compute Encryption": 1.2e-05,
      "S10": 0.0005,
      "S40": 0.0005,
      "S6": 0.0005,
      "S80": 0.0005,
      "S30": 0.0005,
      "S15": 0.0005,
      "Disk Transactions": 0.00073,
      "S4": 0.0005,
      "S70": 0.0005,
      "S60": 0.0005
    }
  }
}