{
  "fetched_at": "2026-06-03T16:24:28.596485+00:00",
  "region": "westus",
  "currency": "USD",
  "vm_prices": {
    "Standard_D4s_v5": {
      "linux_payg": 0.224,
      "windows_payg": 0.408,
      "linux_1yr": 0.1382420091324201,
      "linux_3yr": 0.0884703196347032,
      "windows_1yr": 0.32224200913242007,
      "windows_3yr": 0.27247031963470314
    },
    "Standard_D64s_v5": {
      "windows_payg": 6.528,
      "linux_payg": 3.584,
      "linux_1yr": 2.2113013698630137,
      "linux_3yr": 1.4156773211567732,
      "windows_1yr": 5.155301369863013,
      "windows_3yr": 4.359677321156773
    },
    "Standard_D2s_v5": {
      "windows_payg": 0.204,
      "linux_payg": 0.112,
      "linux_1yr": 0.06906392694063927,
      "linux_3yr": 0.04425418569254186,
      "windows_1yr": 0.16106392694063926,
      "windows_3yr": 0.13625418569254183
    },
    "Standard_D32s_v5": {
      "linux_payg": 1.792,
      "windows_payg": 3.264,
      "linux_1yr": 1.1057077625570777,
      "linux_3yr": 0.7078386605783866,
      "windows_1yr": 2.5777077625570772,
      "windows_3yr": 2.1798386605783864
    },
    "Standard_D48s_v5": {
      "windows_payg": 4.896,
      "linux_payg": 2.688,
      "linux_1yr": 1.6584474885844749,
      "linux_3yr": 1.0617579908675798,
      "windows_1yr": 3.8664474885844746,
      "windows_3yr": 3.2697579908675793
    },
    "Standard_D8s_v5": {
      "linux_payg": 0.448,
      "windows_payg": 0.816,
      "linux_1yr": 0.27636986301369865,
      "linux_3yr": 0.17697869101978692,
      "windows_1yr": 0.6443698630136986,
      "windows_3yr": 0.5449786910197869
    },
    "Standard_D96s_v5": {
      "linux_payg": 5.376,
      "windows_payg": 9.792,
      "linux_1yr": 3.3170091324200914,
      "linux_3yr": 2.1235159817351597,
      "windows_1yr": 7.733009132420091,
      "windows_3yr": 6.539515981735159
    },
    "Standard_D16s_v5": {
      "linux_payg": 0.896,
      "windows_payg": 1.632,
      "linux_1yr": 0.5528538812785389,
      "linux_3yr": 0.3539193302891933,
      "windows_1yr": 1.2888538812785386,
      "windows_3yr": 1.0899193302891932
    },
    "Standard_E96s_v5": {
      "windows_payg": 11.136,
      "linux_payg": 6.72,
      "linux_1yr": 4.146232876712329,
      "linux_3yr": 2.65441400304414,
      "windows_1yr": 8.56223287671233,
      "windows_3yr": 7.07041400304414
    },
    "Standard_E16s_v5": {
      "windows_payg": 1.856,
      "linux_payg": 1.12,
      "linux_1yr": 0.6910958904109589,
      "linux_3yr": 0.4423896499238965,
      "windows_1yr": 1.4270958904109587,
      "windows_3yr": 1.1783896499238966
    },
    "Standard_E64s_v5": {
      "windows_payg": 7.424,
      "linux_payg": 4.48,
      "linux_1yr": 2.7641552511415526,
      "linux_3yr": 1.7695966514459665,
      "windows_1yr": 5.7081552511415525,
      "windows_3yr": 4.713596651445966
    },
    "Standard_E32s_v5": {
      "linux_payg": 2.24,
      "windows_payg": 3.712,
      "linux_1yr": 1.3820776255707763,
      "linux_3yr": 0.8848173515981735,
      "windows_1yr": 2.8540776255707763,
      "windows_3yr": 2.3568173515981736
    },
    "Standard_E20s_v5": {
      "windows_payg": 2.32,
      "linux_payg": 1.4,
      "linux_1yr": 0.8638127853881279,
      "linux_3yr": 0.5530060882800609,
      "windows_1yr": 1.7838127853881278,
      "windows_3yr": 1.4730060882800609
    },
    "Standard_E4s_v5": {
      "windows_payg": 0.464,
      "linux_payg": 0.28,
      "linux_1yr": 0.17271689497716894,
      "linux_3yr": 0.11061643835616439,
      "windows_1yr": 0.35671689497716896,
      "windows_3yr": 0.29461643835616436
    },
    "Standard_E48s_v5": {
      "linux_payg": 3.36,
      "windows_payg": 5.568,
      "linux_1yr": 2.0731735159817353,
      "linux_3yr": 1.32720700152207,
      "windows_1yr": 4.281173515981735,
      "windows_3yr": 3.53520700152207
    },
    "Standard_E8s_v5": {
      "windows_payg": 0.928,
      "linux_payg": 0.56,
      "linux_1yr": 0.34554794520547943,
      "linux_3yr": 0.22119482496194826,
      "windows_1yr": 0.7135479452054794,
      "windows_3yr": 0.5891948249619483
    },
    "Standard_E2s_v5": {
      "windows_payg": 0.232,
      "linux_payg": 0.14,
      "linux_1yr": 0.08641552511415525,
      "linux_3yr": 0.055289193302891934,
      "windows_1yr": 0.17841552511415526,
      "windows_3yr": 0.14728919330289192
    }
  },
  "disk_prices": {
    "premium-ssd": {
      "P40": 17.082,
      "Burst Enablement": 31.949,
      "P3": 0.156,
      "P15": 2.372,
      "Burst Transactions": 0.0065,
      "P2": 0.078,
      "P10": 1.183,
      "P70": 142.35,
      "P20": 4.27,
      "P60": 66.43,
      "P6": 0.611,
      "P80": 284.7,
      "P30": 8.541,
      "Confidential Compute Encryption": 2.7e-05,
      "P50": 33.215,
      "P4": 0.338,
      "P1": 0.039,
      "Snapshots": 0.132
    },
    "standard-ssd": {
      "E60": 0.002,
      "E10": 0.002,
      "E1": 0.039,
      "E20": 0.002,
      "E30": 0.002,
      "E6": 0.002,
      "E50": 0.002,
      "Confidential Compute Encryption": 2.1e-05,
      "E80": 0.002,
      "E70": 0.002,
      "E3": 0.156,
      "E4": 0.002,
      "E15": 0.002,
      "E40": 0.002,
      "E2": 0.078,
      "Disk Transactions": 0.0026,
      "Snapshots": 0.132
    },
    "standard-hdd": {
      "S70": 0.0005,
      "S30": 0.0005,
      "S50": 0.0005,
      "S40": 0.0005,
      "S60": 0.0005,
      "Standard HDD Managed Disks - Confidential Compute Encryption": 1.1e-05,
      "Disk Transactions": 0.00065,
      "Snapshots": 0.055,
      "S15": 0.0005,
      "S4": 0.0005,
      "S80": 0.0005,
      "S10": 0.0005,
      "S20": 0.0005,
      "S6": 0.0005
    }
  }
}