{
  "fetched_at": "2026-06-03T16:25:55.433136+00:00",
  "region": "australiasoutheast",
  "currency": "USD",
  "vm_prices": {
    "Standard_D48s_v5": {
      "linux_payg": 2.995,
      "windows_payg": 5.203,
      "linux_1yr": 1.8480593607305935,
      "linux_3yr": 1.1831050228310502,
      "windows_1yr": 4.056059360730593,
      "windows_3yr": 3.3911050228310504
    },
    "Standard_D8s_v5": {
      "windows_payg": 0.867,
      "linux_payg": 0.499,
      "linux_1yr": 0.3079908675799087,
      "linux_3yr": 0.1971841704718417,
      "windows_1yr": 0.6759908675799087,
      "windows_3yr": 0.5651841704718417
    },
    "Standard_D2s_v5": {
      "windows_payg": 0.217,
      "linux_payg": 0.125,
      "linux_1yr": 0.07705479452054795,
      "linux_3yr": 0.049277016742770165,
      "windows_1yr": 0.16905479452054795,
      "windows_3yr": 0.14127701674277016
    },
    "Standard_D16s_v5": {
      "linux_payg": 0.998,
      "windows_payg": 1.734,
      "linux_1yr": 0.6159817351598174,
      "linux_3yr": 0.3943683409436834,
      "windows_1yr": 1.3519817351598173,
      "windows_3yr": 1.1303683409436833
    },
    "Standard_D96s_v5": {
      "windows_payg": 10.406,
      "linux_payg": 5.99,
      "linux_1yr": 3.696118721461187,
      "linux_3yr": 2.3662100456621005,
      "windows_1yr": 8.112118721461187,
      "windows_3yr": 6.782210045662101
    },
    "Standard_D64s_v5": {
      "windows_payg": 6.938,
      "linux_payg": 3.994,
      "linux_1yr": 2.464041095890411,
      "linux_3yr": 1.5774733637747336,
      "windows_1yr": 5.408041095890411,
      "windows_3yr": 4.521473363774733
    },
    "Standard_D4s_v5": {
      "windows_payg": 0.434,
      "linux_payg": 0.25,
      "linux_1yr": 0.15399543378995434,
      "linux_3yr": 0.09859208523592085,
      "windows_1yr": 0.33799543378995434,
      "windows_3yr": 0.28259208523592083
    },
    "Standard_D32s_v5": {
      "windows_payg": 3.469,
      "linux_payg": 1.997,
      "linux_1yr": 1.2320776255707762,
      "linux_3yr": 0.7887366818873668,
      "windows_1yr": 2.704077625570776,
      "windows_3yr": 2.2607366818873667
    },
    "Standard_E32s_v5": {
      "linux_payg": 2.621,
      "windows_payg": 4.093,
      "linux_1yr": 1.6170091324200913,
      "linux_3yr": 1.0351978691019788,
      "windows_1yr": 3.0890091324200912,
      "windows_3yr": 2.5071978691019785
    },
    "Standard_E2s_v5": {
      "linux_payg": 0.164,
      "windows_payg": 0.256,
      "linux_1yr": 0.10102739726027397,
      "linux_3yr": 0.06468797564687975,
      "windows_1yr": 0.19302739726027396,
      "windows_3yr": 0.15668797564687975
    },
    "Standard_E96s_v5": {
      "linux_payg": 7.862,
      "windows_payg": 12.278,
      "linux_1yr": 4.851141552511415,
      "linux_3yr": 3.1056316590563164,
      "windows_1yr": 9.267141552511415,
      "windows_3yr": 7.521631659056316
    },
    "Standard_E4s_v5": {
      "linux_payg": 0.328,
      "windows_payg": 0.512,
      "linux_1yr": 0.2021689497716895,
      "linux_3yr": 0.12941400304414002,
      "windows_1yr": 0.3861689497716895,
      "windows_3yr": 0.31341400304414
    },
    "Standard_E8s_v5": {
      "linux_payg": 0.655,
      "windows_payg": 1.023,
      "linux_1yr": 0.40422374429223745,
      "linux_3yr": 0.25878995433789953,
      "windows_1yr": 0.7722237442922373,
      "windows_3yr": 0.6267899543378994
    },
    "Standard_E16s_v5": {
      "windows_payg": 2.046,
      "linux_payg": 1.31,
      "linux_1yr": 0.8085616438356165,
      "linux_3yr": 0.5176179604261796,
      "windows_1yr": 1.5445616438356162,
      "windows_3yr": 1.2536179604261792
    },
    "Standard_E64s_v5": {
      "linux_payg": 5.242,
      "windows_payg": 8.186,
      "linux_1yr": 3.2340182648401825,
      "linux_3yr": 2.070433789954338,
      "windows_1yr": 6.1780182648401825,
      "windows_3yr": 5.014433789954338
    },
    "Standard_E48s_v5": {
      "linux_payg": 3.931,
      "windows_payg": 6.139,
      "linux_1yr": 2.4255707762557077,
      "linux_3yr": 1.5528158295281582,
      "windows_1yr": 4.6335707762557075,
      "windows_3yr": 3.760815829528158
    },
    "Standard_E20s_v5": {
      "windows_payg": 2.558,
      "linux_payg": 1.638,
      "linux_1yr": 1.0106164383561644,
      "linux_3yr": 0.6469939117199391,
      "windows_1yr": 1.9306164383561644,
      "windows_3yr": 1.5669939117199392
    }
  },
  "disk_prices": {
    "premium-ssd": {
      "P1": 0.042,
      "P20": 4.599,
      "Confidential Compute Encryption": 3.8e-05,
      "P40": 18.396,
      "Burst Enablement": 34.406,
      "P60": 71.54,
      "P10": 1.274,
      "P2": 0.084,
      "P3": 0.168,
      "P30": 9.198,
      "Burst Transactions": 0.007,
      "P6": 0.658,
      "P80": 306.6,
      "P50": 35.77,
      "Snapshots": 0.132,
      "P70": 153.3,
      "P4": 0.364,
      "P15": 2.555
    },
    "standard-ssd": {
      "E50": 0.002,
      "E30": 0.002,
      "E80": 0.002,
      "E60": 0.002,
      "E20": 0.002,
      "E4": 0.002,
      "E40": 0.002,
      "E6": 0.002,
      "E15": 0.002,
      "Snapshots": 0.132,
      "E3": 0.168,
      "E10": 0.002,
      "E2": 0.084,
      "E70": 0.002,
      "Disk Transactions": 0.0028,
      "E1": 0.042,
      "Confidential Compute Encryption": 2.8e-05
    },
    "standard-hdd": {
      "S70": 0.0005,
      "S4": 0.0005,
      "S50": 0.0005,
      "S30": 0.0005,
      "S20": 0.0005,
      "S15": 0.0005,
      "Standard HDD Managed Disks - Confidential Compute Encryption": 1.4e-05,
      "S40": 0.0005,
      "S6": 0.0005,
      "S80": 0.0005,
      "Disk Transactions": 0.0007,
      "S10": 0.0005,
      "S60": 0.0005,
      "Snapshots": 0.055
    }
  }
}