{
  "fetched_at": "2026-06-03T16:25:44.386872+00:00",
  "region": "swedencentral",
  "currency": "USD",
  "vm_prices": {
    "Standard_D48s_v5": {
      "windows_payg": 4.656,
      "linux_payg": 2.448,
      "linux_1yr": 1.5103881278538813,
      "linux_3yr": 0.9669710806697108,
      "windows_1yr": 3.7183881278538813,
      "windows_3yr": 3.1749710806697107
    },
    "Standard_D96s_v5": {
      "windows_payg": 9.312,
      "linux_payg": 4.896,
      "linux_1yr": 3.0207762557077626,
      "linux_3yr": 1.933904109589041,
      "windows_1yr": 7.436776255707763,
      "windows_3yr": 6.3499041095890405
    },
    "Standard_D32s_v5": {
      "windows_payg": 3.104,
      "linux_payg": 1.632,
      "linux_1yr": 1.0069634703196346,
      "linux_3yr": 0.6446347031963471,
      "windows_1yr": 2.478963470319635,
      "windows_3yr": 2.1166347031963473
    },
    "Standard_D2s_v5": {
      "windows_payg": 0.194,
      "linux_payg": 0.102,
      "linux_1yr": 0.06289954337899543,
      "linux_3yr": 0.04029680365296804,
      "windows_1yr": 0.15489954337899545,
      "windows_3yr": 0.13229680365296806
    },
    "Standard_D64s_v5": {
      "windows_payg": 6.208,
      "linux_payg": 3.264,
      "linux_1yr": 2.0139269406392692,
      "linux_3yr": 1.2892694063926942,
      "windows_1yr": 4.95792694063927,
      "windows_3yr": 4.233269406392695
    },
    "Standard_D8s_v5": {
      "windows_payg": 0.776,
      "linux_payg": 0.408,
      "linux_1yr": 0.2517123287671233,
      "linux_3yr": 0.16114916286149164,
      "windows_1yr": 0.6197123287671233,
      "windows_3yr": 0.5291491628614917
    },
    "Standard_D16s_v5": {
      "windows_payg": 1.552,
      "linux_payg": 0.816,
      "linux_1yr": 0.5034246575342466,
      "linux_3yr": 0.3223363774733638,
      "windows_1yr": 1.2394246575342467,
      "windows_3yr": 1.0583363774733638
    },
    "Standard_D4s_v5": {
      "windows_payg": 0.388,
      "linux_payg": 0.204,
      "linux_1yr": 0.12591324200913243,
      "linux_3yr": 0.08059360730593608,
      "windows_1yr": 0.30991324200913245,
      "windows_3yr": 0.2645936073059361
    },
    "Standard_E20s_v5": {
      "windows_payg": 2.26,
      "linux_payg": 1.34,
      "linux_1yr": 0.8268264840182649,
      "linux_3yr": 0.5292998477929984,
      "windows_1yr": 1.7468264840182646,
      "windows_3yr": 1.4492998477929981
    },
    "Standard_E4s_v5": {
      "linux_payg": 0.268,
      "windows_payg": 0.452,
      "linux_1yr": 0.1654109589041096,
      "linux_3yr": 0.10585996955859969,
      "windows_1yr": 0.34941095890410956,
      "windows_3yr": 0.2898599695585997
    },
    "Standard_E2s_v5": {
      "windows_payg": 0.226,
      "linux_payg": 0.134,
      "linux_1yr": 0.08264840182648402,
      "linux_3yr": 0.052929984779299846,
      "windows_1yr": 0.174648401826484,
      "windows_3yr": 0.14492998477929986
    },
    "Standard_E32s_v5": {
      "windows_payg": 3.616,
      "linux_payg": 2.144,
      "linux_1yr": 1.3228310502283105,
      "linux_3yr": 0.8468797564687975,
      "windows_1yr": 2.7948310502283107,
      "windows_3yr": 2.3188797564687977
    },
    "Standard_E64s_v5": {
      "linux_payg": 4.288,
      "windows_payg": 7.232,
      "linux_1yr": 2.645662100456621,
      "linux_3yr": 1.693759512937595,
      "windows_1yr": 5.589662100456621,
      "windows_3yr": 4.6377595129375955
    },
    "Standard_E96s_v5": {
      "windows_payg": 10.848,
      "linux_payg": 6.432,
      "linux_1yr": 3.9684931506849317,
      "linux_3yr": 2.540639269406393,
      "windows_1yr": 8.384493150684932,
      "windows_3yr": 6.956639269406393
    },
    "Standard_E48s_v5": {
      "windows_payg": 5.424,
      "linux_payg": 3.216,
      "linux_1yr": 1.9842465753424658,
      "linux_3yr": 1.2703196347031964,
      "windows_1yr": 4.192246575342466,
      "windows_3yr": 3.4783196347031966
    },
    "Standard_E8s_v5": {
      "windows_payg": 0.904,
      "linux_payg": 0.536,
      "linux_1yr": 0.3307077625570776,
      "linux_3yr": 0.21171993911719938,
      "windows_1yr": 0.6987077625570777,
      "windows_3yr": 0.5797199391171994
    },
    "Standard_E16s_v5": {
      "windows_payg": 1.808,
      "linux_payg": 1.072,
      "linux_1yr": 0.6614155251141552,
      "linux_3yr": 0.42343987823439877,
      "windows_1yr": 1.3974155251141553,
      "windows_3yr": 1.1594398782343989
    }
  },
  "disk_prices": {
    "premium-ssd": {
      "P3": 0.12,
      "P60": 66.19,
      "P30": 8.541,
      "P2": 0.06,
      "P1": 0.03,
      "P6": 0.47,
      "Burst Enablement": 24.576,
      "P4": 0.26,
      "P40": 17.081,
      "P20": 4.27,
      "Burst Transactions": 0.005,
      "P10": 0.91,
      "P50": 33.095,
      "P80": 284.69,
      "P70": 142.34,
      "P15": 2.372,
      "Confidential Compute Encryption": 3e-05,
      "Snapshots": 0.05
    },
    "standard-ssd": {
      "E60": 0.002,
      "E80": 0.002,
      "E50": 0.002,
      "E15": 0.002,
      "E70": 0.002,
      "E3": 0.156,
      "E6": 0.002,
      "E30": 0.002,
      "E10": 0.002,
      "E20": 0.002,
      "Snapshots": 0.145,
      "E40": 0.002,
      "E4": 0.002,
      "E2": 0.078,
      "Disk Transactions": 0.0026,
      "Confidential Compute Encryption": 2.1e-05,
      "E1": 0.039
    },
    "standard-hdd": {
      "S10": 0.0005,
      "S30": 0.0005,
      "S20": 0.0005,
      "Snapshots": 0.05,
      "S6": 0.0005,
      "Standard HDD Managed Disks - Confidential Compute Encryption": 1.1e-05,
      "S80": 0.0005,
      "S50": 0.0005,
      "S60": 0.0005,
      "S40": 0.0005,
      "S15": 0.0005,
      "S70": 0.0005,
      "Disk Transactions": 0.00065,
      "S4": 0.0005
    }
  }
}