{
  "fetched_at": "2026-06-22T08:05:35.901724+00:00",
  "region": "eastus",
  "currencies": {
    "DKK": {
      "vm_prices": {
        "Standard_D8s_v5": {
          "linux_payg": 2.468256,
          "windows_payg": 4.833668,
          "linux_1yr": 1.5225549372146119,
          "linux_3yr": 0.9749243340943684,
          "windows_1yr": 3.887966937214612,
          "windows_3yr": 3.340336334094369
        },
        "Standard_D32s_v5": {
          "linux_payg": 9.873024,
          "windows_payg": 19.334672,
          "linux_1yr": 6.091687271689498,
          "linux_3yr": 3.899941923515982,
          "windows_1yr": 15.5533352716895,
          "windows_3yr": 13.361589923515984
        },
        "Standard_D2s_v5": {
          "linux_payg": 0.617064,
          "windows_payg": 1.208417,
          "linux_1yr": 0.38082217465753426,
          "linux_3yr": 0.24385337709284627,
          "windows_1yr": 0.9721751746575344,
          "windows_3yr": 0.8352063770928464
        },
        "Standard_D64s_v5": {
          "windows_payg": 38.669344,
          "linux_payg": 19.746048,
          "linux_1yr": 12.183374543378996,
          "linux_3yr": 7.799639259893455,
          "windows_1yr": 31.106670543379,
          "windows_3yr": 26.72293525989346
        },
        "Standard_D4s_v5": {
          "windows_payg": 2.416834,
          "linux_payg": 1.234128,
          "linux_1yr": 0.7616443493150685,
          "linux_3yr": 0.4874621670471842,
          "windows_1yr": 1.944350349315069,
          "windows_3yr": 1.6701681670471844
        },
        "Standard_D96s_v5": {
          "windows_payg": 58.004016,
          "linux_payg": 29.619072,
          "linux_1yr": 18.275061815068494,
          "linux_3yr": 11.699581183409435,
          "windows_1yr": 46.660005815068494,
          "windows_3yr": 40.08452518340944
        },
        "Standard_D48s_v5": {
          "windows_payg": 29.002008,
          "linux_payg": 14.809536,
          "linux_1yr": 9.137530907534247,
          "linux_3yr": 5.849790591704718,
          "windows_1yr": 23.330002907534247,
          "windows_3yr": 20.04226259170472
        },
        "Standard_D16s_v5": {
          "windows_payg": 9.667336,
          "linux_payg": 4.936512,
          "linux_1yr": 3.045843635844749,
          "linux_3yr": 1.9498486681887368,
          "windows_1yr": 7.77666763584475,
          "windows_3yr": 6.680672668188738
        },
        "Standard_E48s_v5": {
          "linux_payg": 19.437516,
          "windows_payg": 33.629988,
          "linux_1yr": 11.467957163242009,
          "linux_3yr": 7.677834864916287,
          "windows_1yr": 25.660429163242007,
          "windows_3yr": 21.870306864916287
        },
        "Standard_E96s_v5": {
          "windows_payg": 67.259976,
          "linux_payg": 38.875032,
          "linux_1yr": 22.935914326484017,
          "linux_3yr": 15.355669729832574,
          "windows_1yr": 51.320858326484014,
          "windows_3yr": 43.740613729832575
        },
        "Standard_E4s_v5": {
          "windows_payg": 2.802499,
          "linux_payg": 1.619793,
          "linux_1yr": 0.9553573630136987,
          "linux_3yr": 0.6398399543378995,
          "windows_1yr": 2.138063363013699,
          "windows_3yr": 1.8225459543378997
        },
        "Standard_E32s_v5": {
          "linux_payg": 12.958344,
          "windows_payg": 22.419992,
          "linux_1yr": 7.6450601883561635,
          "linux_3yr": 5.118475047564687,
          "windows_1yr": 17.106708188356166,
          "windows_3yr": 14.580123047564687
        },
        "Standard_E16s_v5": {
          "windows_payg": 11.209996,
          "linux_payg": 6.479172,
          "linux_1yr": 3.8228969748858446,
          "linux_3yr": 2.559359817351598,
          "windows_1yr": 8.553720974885845,
          "windows_3yr": 7.290183817351599
        },
        "Standard_E64s_v5": {
          "linux_payg": 25.916688,
          "windows_payg": 44.839984,
          "linux_1yr": 15.290854138127854,
          "linux_3yr": 10.237194682267885,
          "windows_1yr": 34.214150138127856,
          "windows_3yr": 29.160490682267884
        },
        "Standard_E8s_v5": {
          "linux_payg": 3.239586,
          "windows_payg": 5.604998,
          "linux_1yr": 1.9114484874429223,
          "linux_3yr": 1.279679908675799,
          "windows_1yr": 4.276860487442923,
          "windows_3yr": 3.6450919086757994
        },
        "Standard_E2s_v5": {
          "linux_payg": 0.809896,
          "windows_payg": 1.401249,
          "linux_1yr": 0.47767868150684933,
          "linux_3yr": 0.31991997716894977,
          "windows_1yr": 1.0690316815068495,
          "windows_3yr": 0.9112729771689498
        },
        "Standard_E20s_v5": {
          "linux_payg": 8.098965,
          "windows_payg": 14.012495,
          "linux_1yr": 4.7782543378995435,
          "linux_3yr": 3.1991997716894978,
          "windows_1yr": 10.691784337899543,
          "windows_3yr": 9.112729771689498
        }
      },
      "disk_prices": {
        "premium-ssd": {
          "P40": 84.454207,
          "P80": 1407.612972,
          "P4": 1.671215,
          "P6": 3.021042,
          "P30": 42.230317,
          "P20": 21.115159,
          "P15": 11.730644,
          "P1": 0.192832,
          "Burst Transactions": 0.032139,
          "P70": 703.774347,
          "P10": 5.849252,
          "P2": 0.385665,
          "P3": 0.77133,
          "Snapshots": 0.848463,
          "Confidential Compute Encryption": 0.000174,
          "P50": 163.631232,
          "Burst Enablement": 157.968384,
          "P60": 327.268891
        },
        "standard-ssd": {
          "E40": 0.012855,
          "E30": 0.012855,
          "E6": 0.012855,
          "E50": 0.012855,
          "Confidential Compute Encryption": 0.000135,
          "E70": 0.012855,
          "Snapshots": 0.848463,
          "E15": 0.012855,
          "E3": 0.77133,
          "E4": 0.012855,
          "E80": 0.012855,
          "E2": 0.385665,
          "E60": 0.012855,
          "E1": 0.192832,
          "E20": 0.012855,
          "E10": 0.012855,
          "Disk Transactions": 0.012855
        },
        "standard-hdd": {
          "S60": 0.003214,
          "S15": 0.003214,
          "S10": 0.003214,
          "S70": 0.003214,
          "S4": 0.003214,
          "Disk Transactions": 0.003214,
          "S20": 0.003214,
          "S80": 0.003214,
          "Snapshots": 0.321387,
          "S6": 0.003214,
          "Standard HDD Managed Disks - Confidential Compute Encryption": 5.1e-05,
          "S40": 0.003214,
          "S50": 0.003214,
          "S30": 0.003214
        }
      }
    },
    "EUR": {
      "vm_prices": {
        "Standard_D8s_v5": {
          "linux_payg": 0.33028,
          "windows_payg": 0.646798,
          "linux_1yr": 0.2037346976027397,
          "linux_3yr": 0.13045566335616438,
          "windows_1yr": 0.5202526976027397,
          "windows_3yr": 0.44697366335616434
        },
        "Standard_D32s_v5": {
          "linux_payg": 1.32112,
          "windows_payg": 2.587193,
          "linux_1yr": 0.8151351610730594,
          "linux_3yr": 0.5218553819254186,
          "windows_1yr": 2.0812081610730595,
          "windows_3yr": 1.7879283819254186
        },
        "Standard_D2s_v5": {
          "linux_payg": 0.08257,
          "windows_payg": 0.1617,
          "linux_1yr": 0.05095822077625571,
          "linux_3yr": 0.0326302800608828,
          "windows_1yr": 0.1300882207762557,
          "windows_3yr": 0.11176028006088282
        },
        "Standard_D64s_v5": {
          "windows_payg": 5.174386,
          "linux_payg": 2.64224,
          "linux_1yr": 1.6302703220319634,
          "linux_3yr": 1.0436780354261797,
          "windows_1yr": 4.162416322031963,
          "windows_3yr": 3.5758240354261797
        },
        "Standard_D4s_v5": {
          "windows_payg": 0.323399,
          "linux_payg": 0.16514,
          "linux_1yr": 0.10191644143835617,
          "linux_3yr": 0.06522783169710807,