{
  "fetched_at": "2026-06-03T16:26:02.611916+00:00",
  "region": "eastasia",
  "currency": "USD",
  "vm_prices": {
    "Standard_D96s_v5": {
      "windows_payg": 10.752,
      "linux_payg": 6.336,
      "linux_1yr": 3.9093607305936073,
      "linux_3yr": 2.502701674277017,
      "windows_1yr": 8.325360730593609,
      "windows_3yr": 6.918701674277017
    },
    "Standard_D2s_v5": {
      "windows_payg": 0.224,
      "linux_payg": 0.132,
      "linux_1yr": 0.08139269406392693,
      "linux_3yr": 0.05213089802130898,
      "windows_1yr": 0.17339269406392693,
      "windows_3yr": 0.14413089802130896
    },
    "Standard_D32s_v5": {
      "windows_payg": 3.584,
      "linux_payg": 2.112,
      "linux_1yr": 1.303082191780822,
      "linux_3yr": 0.8342465753424657,
      "windows_1yr": 2.7750821917808217,
      "windows_3yr": 2.306246575342466
    },
    "Standard_D4s_v5": {
      "windows_payg": 0.448,
      "linux_payg": 0.264,
      "linux_1yr": 0.16289954337899543,
      "linux_3yr": 0.10426179604261795,
      "windows_1yr": 0.3468995433789954,
      "windows_3yr": 0.2882617960426179
    },
    "Standard_D64s_v5": {
      "windows_payg": 7.168,
      "linux_payg": 4.224,
      "linux_1yr": 2.606164383561644,
      "linux_3yr": 1.6684931506849314,
      "windows_1yr": 5.550164383561643,
      "windows_3yr": 4.612493150684932
    },
    "Standard_D48s_v5": {
      "windows_payg": 5.376,
      "linux_payg": 3.168,
      "linux_1yr": 1.9546803652968037,
      "linux_3yr": 1.2513698630136987,
      "windows_1yr": 4.162680365296804,
      "windows_3yr": 3.459369863013699
    },
    "Standard_D16s_v5": {
      "windows_payg": 1.792,
      "linux_payg": 1.056,
      "linux_1yr": 0.6515981735159817,
      "linux_3yr": 0.41712328767123286,
      "windows_1yr": 1.3875981735159817,
      "windows_3yr": 1.153123287671233
    },
    "Standard_D8s_v5": {
      "linux_payg": 0.528,
      "windows_payg": 0.896,
      "linux_1yr": 0.32579908675799085,
      "linux_3yr": 0.20856164383561643,
      "windows_1yr": 0.6937990867579908,
      "windows_3yr": 0.5765616438356165
    },
    "Standard_E2s_v5": {
      "linux_payg": 0.167,
      "windows_payg": 0.259,
      "linux_1yr": 0.10308219178082192,
      "linux_3yr": 0.06598173515981735,
      "windows_1yr": 0.19508219178082192,
      "windows_3yr": 0.15798173515981734
    },
    "Standard_E8s_v5": {
      "windows_payg": 1.036,
      "linux_payg": 0.668,
      "linux_1yr": 0.4121004566210046,
      "linux_3yr": 0.2638508371385084,
      "windows_1yr": 0.7801004566210046,
      "windows_3yr": 0.6318508371385083
    },
    "Standard_E48s_v5": {
      "windows_payg": 6.216,
      "linux_payg": 4.008,
      "linux_1yr": 2.472945205479452,
      "linux_3yr": 1.5831430745814308,
      "windows_1yr": 4.680945205479452,
      "windows_3yr": 3.7911430745814307
    },
    "Standard_E16s_v5": {
      "windows_payg": 2.072,
      "linux_payg": 1.336,
      "linux_1yr": 0.8243150684931507,
      "linux_3yr": 0.5277016742770168,
      "windows_1yr": 1.5603150684931508,
      "windows_3yr": 1.2637016742770166
    },
    "Standard_E4s_v5": {
      "windows_payg": 0.518,
      "linux_payg": 0.334,
      "linux_1yr": 0.2060502283105023,
      "linux_3yr": 0.1319254185692542,
      "windows_1yr": 0.3900502283105023,
      "windows_3yr": 0.31592541856925416
    },
    "Standard_E20s_v5": {
      "linux_payg": 1.67,
      "windows_payg": 2.59,
      "linux_1yr": 1.030365296803653,
      "linux_3yr": 0.6596651445966515,
      "windows_1yr": 1.950365296803653,
      "windows_3yr": 1.5796651445966514
    },
    "Standard_E96s_v5": {
      "linux_payg": 8.016,
      "windows_payg": 12.432,
      "linux_1yr": 4.945890410958904,
      "linux_3yr": 3.166324200913242,
      "windows_1yr": 9.361890410958903,
      "windows_3yr": 7.582324200913242
    },
    "Standard_E32s_v5": {
      "linux_payg": 2.672,
      "windows_payg": 4.144,
      "linux_1yr": 1.6486301369863015,
      "linux_3yr": 1.055441400304414,
      "windows_1yr": 3.1206301369863017,
      "windows_3yr": 2.527441400304414
    },
    "Standard_E64s_v5": {
      "windows_payg": 8.288,
      "linux_payg": 5.344,
      "linux_1yr": 3.297260273972603,
      "linux_3yr": 2.110882800608828,
      "windows_1yr": 6.241260273972603,
      "windows_3yr": 5.054882800608828
    }
  },
  "disk_prices": {
    "premium-ssd": {
      "P50": 39.46,
      "P70": 169.72,
      "Snapshots": 0.05,
      "P80": 339.44,
      "P15": 2.829,
      "P10": 1.41,
      "Burst Enablement": 38.093,
      "P20": 5.092,
      "P30": 10.183,
      "P60": 78.921,
      "P40": 20.367,
      "P6": 0.728,
      "P4": 0.403,
      "P2": 0.093,
      "P1": 0.0465,
      "Confidential Compute Encryption": 3e-05,
      "P3": 0.186,
      "Burst Transactions": 0.00775
    },
    "standard-ssd": {
      "E1": 0.0465,
      "E6": 0.002,
      "E40": 0.002,
      "E20": 0.002,
      "E3": 0.186,
      "E10": 0.002,
      "E15": 0.002,
      "E80": 0.002,
      "Confidential Compute Encryption": 2.1e-05,
      "E4": 0.002,
      "E30": 0.002,
      "E50": 0.002,
      "E70": 0.002,
      "E60": 0.002,
      "E2": 0.093,
      "Snapshots": 0.145,
      "Disk Transactions": 0.0031
    },
    "standard-hdd": {
      "S60": 0.0005,
      "S80": 0.0005,
      "S30": 0.0005,
      "Standard HDD Managed Disks - Confidential Compute Encryption": 1.1e-05,
      "S70": 0.0005,
      "S6": 0.0005,
      "S20": 0.0005,
      "S40": 0.0005,
      "S50": 0.0005,
      "S10": 0.0005,
      "Disk Transactions": 0.000775,
      "S15": 0.0005,
      "S4": 0.0005,
      "Snapshots": 0.05
    }
  }
}