{
  "fetched_at": "2026-06-03T16:25:33.857366+00:00",
  "region": "switzerlandwest",
  "currency": "USD",
  "vm_prices": {
    "Standard_D32s_v5": {
      "windows_payg": 4.133,
      "linux_payg": 2.628,
      "linux_1yr": 1.621689497716895,
      "linux_3yr": 1.0382039573820396,
      "windows_1yr": 3.126689497716895,
      "windows_3yr": 2.5432039573820395
    },
    "Standard_D64s_v5": {
      "linux_payg": 5.257,
      "windows_payg": 8.266,
      "linux_1yr": 3.24337899543379,
      "linux_3yr": 2.0764459665144597,
      "windows_1yr": 6.252378995433791,
      "windows_3yr": 5.08544596651446
    },
    "Standard_D48s_v5": {
      "windows_payg": 6.199,
      "linux_payg": 3.943,
      "linux_1yr": 2.4325342465753423,
      "linux_3yr": 1.5573059360730594,
      "windows_1yr": 4.688534246575342,
      "windows_3yr": 3.8133059360730592
    },
    "Standard_D4s_v5": {
      "windows_payg": 0.517,
      "linux_payg": 0.329,
      "linux_1yr": 0.20273972602739726,
      "linux_3yr": 0.1297564687975647,
      "windows_1yr": 0.39073972602739726,
      "windows_3yr": 0.3177564687975647
    },
    "Standard_D16s_v5": {
      "windows_payg": 2.067,
      "linux_payg": 1.314,
      "linux_1yr": 0.8108447488584475,
      "linux_3yr": 0.5191019786910198,
      "windows_1yr": 1.5638447488584477,
      "windows_3yr": 1.27210197869102
    },
    "Standard_D96s_v5": {
      "linux_payg": 7.885,
      "windows_payg": 12.399,
      "linux_1yr": 4.865182648401826,
      "linux_3yr": 3.1146499238964993,
      "windows_1yr": 9.379182648401827,
      "windows_3yr": 7.628649923896498
    },
    "Standard_D8s_v5": {
      "linux_payg": 0.657,
      "windows_payg": 1.033,
      "linux_1yr": 0.4054794520547945,
      "linux_3yr": 0.2595509893455099,
      "windows_1yr": 0.7814794520547944,
      "windows_3yr": 0.6355509893455098
    },
    "Standard_D2s_v5": {
      "windows_payg": 0.259,
      "linux_payg": 0.164,
      "linux_1yr": 0.10136986301369863,
      "linux_3yr": 0.06487823439878235,
      "windows_1yr": 0.19636986301369863,
      "windows_3yr": 0.15987823439878235
    },
    "Standard_E4s_v5": {
      "linux_payg": 0.442,
      "windows_payg": 0.626,
      "linux_1yr": 0.27271689497716894,
      "linux_3yr": 0.1745814307458143,
      "windows_1yr": 0.45671689497716894,
      "windows_3yr": 0.3585814307458143
    },
    "Standard_E32s_v5": {
      "linux_payg": 3.536,
      "windows_payg": 5.008,
      "linux_1yr": 2.1817351598173516,
      "linux_3yr": 1.3967275494672755,
      "windows_1yr": 3.6537351598173515,
      "windows_3yr": 2.8687275494672755
    },
    "Standard_E2s_v5": {
      "linux_payg": 0.221,
      "windows_payg": 0.313,
      "linux_1yr": 0.1363013698630137,
      "linux_3yr": 0.08729071537290715,
      "windows_1yr": 0.2283013698630137,
      "windows_3yr": 0.17929071537290714
    },
    "Standard_E48s_v5": {
      "windows_payg": 7.512,
      "linux_payg": 5.304,
      "linux_1yr": 3.2726027397260276,
      "linux_3yr": 2.0950913242009133,
      "windows_1yr": 5.480602739726027,
      "windows_3yr": 4.303091324200913
    },
    "Standard_E96s_v5": {
      "linux_payg": 10.608,
      "windows_payg": 15.024,
      "linux_1yr": 6.545091324200913,
      "linux_3yr": 4.190144596651446,
      "windows_1yr": 10.961091324200911,
      "windows_3yr": 8.606144596651443
    },
    "Standard_E64s_v5": {
      "linux_payg": 7.072,
      "windows_payg": 10.016,
      "linux_1yr": 4.363470319634703,
      "linux_3yr": 2.793455098934551,
      "windows_1yr": 7.307470319634703,
      "windows_3yr": 5.737455098934551
    },
    "Standard_E8s_v5": {
      "windows_payg": 1.252,
      "linux_payg": 0.884,
      "linux_1yr": 0.5454337899543379,
      "linux_3yr": 0.3491628614916286,
      "windows_1yr": 0.9134337899543379,
      "windows_3yr": 0.7171628614916286
    },
    "Standard_E20s_v5": {
      "linux_payg": 2.21,
      "windows_payg": 3.13,
      "linux_1yr": 1.3635844748858448,
      "linux_3yr": 0.8729452054794521,
      "windows_1yr": 2.2835844748858447,
      "windows_3yr": 1.7929452054794521
    },
    "Standard_E16s_v5": {
      "linux_payg": 1.768,
      "windows_payg": 2.504,
      "linux_1yr": 1.0908675799086758,
      "linux_3yr": 0.6983637747336378,
      "windows_1yr": 1.8268675799086758,
      "windows_3yr": 1.4343637747336377
    }
  },
  "disk_prices": {
    "premium-ssd": {
      "P10": 1.774,
      "P1": 0.0585,
      "P30": 12.214106,
      "P3": 0.234,
      "P15": 3.391578,
      "P70": 203.555733,
      "Burst Enablement": 47.923,
      "Snapshots": 0.207166,
      "P6": 0.916,
      "P60": 94.9949,
      "P2": 0.117,
      "P40": 24.42726,
      "P80": 407.121,
      "P50": 47.496973,
      "Confidential Compute Encryption": 5.1e-05,
      "P20": 6.105718,
      "Burst Transactions": 0.00975,
      "P4": 0.507
    },
    "standard-ssd": {
      "E6": 0.002,
      "E4": 0.002,
      "E1": 0.0585,
      "E40": 0.002,
      "E50": 0.002,
      "E3": 0.234,
      "E10": 0.002,
      "Confidential Compute Encryption": 2.9e-05,
      "E20": 0.002,
      "E80": 0.002,
      "E70": 0.002,
      "Snapshots": 0.207166,
      "E15": 0.002,
      "E60": 0.002,
      "E30": 0.002,
      "E2": 0.117,
      "Disk Transactions": 0.00372
    },
    "standard-hdd": {
      "S70": 0.0005,
      "S40": 0.0005,
      "S20": 0.0005,
      "Disk Transactions": 0.00093,
      "S30": 0.0005,
      "S50": 0.0005,
      "S60": 0.0005,
      "S80": 0.0005,
      "S10": 0.0005,
      "S6": 0.0005,
      "Standard HDD Managed Disks - Confidential Compute Encryption": 1.6e-05,
      "S4": 0.0005,
      "S15": 0.0005,
      "Snapshots": 0.0715
    }
  }
}