{
  "fetched_at": "2026-06-03T16:25:16.259059+00:00",
  "region": "francecentral",
  "currency": "USD",
  "vm_prices": {
    "Standard_D8s_v5": {
      "windows_payg": 0.816,
      "linux_payg": 0.448,
      "linux_1yr": 0.27636986301369865,
      "linux_3yr": 0.17697869101978692,
      "windows_1yr": 0.6443698630136986,
      "windows_3yr": 0.5449786910197869
    },
    "Standard_D96s_v5": {
      "windows_payg": 9.792,
      "linux_payg": 5.376,
      "linux_1yr": 3.3170091324200914,
      "linux_3yr": 2.1235159817351597,
      "windows_1yr": 7.733009132420091,
      "windows_3yr": 6.539515981735159
    },
    "Standard_D16s_v5": {
      "windows_payg": 1.632,
      "linux_payg": 0.896,
      "linux_1yr": 0.5528538812785389,
      "linux_3yr": 0.3539193302891933,
      "windows_1yr": 1.2888538812785386,
      "windows_3yr": 1.0899193302891932
    },
    "Standard_D64s_v5": {
      "windows_payg": 6.528,
      "linux_payg": 3.584,
      "linux_1yr": 2.2113013698630137,
      "linux_3yr": 1.4156773211567732,
      "windows_1yr": 5.155301369863013,
      "windows_3yr": 4.359677321156773
    },
    "Standard_D48s_v5": {
      "windows_payg": 4.896,
      "linux_payg": 2.688,
      "linux_1yr": 1.6584474885844749,
      "linux_3yr": 1.0617579908675798,
      "windows_1yr": 3.8664474885844746,
      "windows_3yr": 3.2697579908675793
    },
    "Standard_D4s_v5": {
      "linux_payg": 0.224,
      "windows_payg": 0.408,
      "linux_1yr": 0.1382420091324201,
      "linux_3yr": 0.0884703196347032,
      "windows_1yr": 0.32224200913242007,
      "windows_3yr": 0.27247031963470314
    },
    "Standard_D32s_v5": {
      "linux_payg": 1.792,
      "windows_payg": 3.264,
      "linux_1yr": 1.1057077625570777,
      "linux_3yr": 0.7078386605783866,
      "windows_1yr": 2.5777077625570772,
      "windows_3yr": 2.1798386605783864
    },
    "Standard_D2s_v5": {
      "linux_payg": 0.112,
      "windows_payg": 0.204,
      "linux_1yr": 0.06906392694063927,
      "linux_3yr": 0.04425418569254186,
      "windows_1yr": 0.16106392694063926,
      "windows_3yr": 0.13625418569254183
    },
    "Standard_E64s_v5": {
      "linux_payg": 4.736,
      "windows_payg": 7.68,
      "linux_1yr": 2.9221461187214612,
      "linux_3yr": 1.870738203957382,
      "windows_1yr": 5.866146118721462,
      "windows_3yr": 4.814738203957382
    },
    "Standard_E32s_v5": {
      "windows_payg": 3.84,
      "linux_payg": 2.368,
      "linux_1yr": 1.4610730593607306,
      "linux_3yr": 0.9353500761035007,
      "windows_1yr": 2.933073059360731,
      "windows_3yr": 2.4073500761035005
    },
    "Standard_E20s_v5": {
      "windows_payg": 2.4,
      "linux_payg": 1.48,
      "linux_1yr": 0.9131278538812785,
      "linux_3yr": 0.5845890410958904,
      "windows_1yr": 1.8331278538812783,
      "windows_3yr": 1.5045890410958904
    },
    "Standard_E8s_v5": {
      "linux_payg": 0.592,
      "windows_payg": 0.96,
      "linux_1yr": 0.365296803652968,
      "linux_3yr": 0.23382800608828005,
      "windows_1yr": 0.733296803652968,
      "windows_3yr": 0.60182800608828
    },
    "Standard_E48s_v5": {
      "linux_payg": 3.552,
      "windows_payg": 5.76,
      "linux_1yr": 2.191552511415525,
      "linux_3yr": 1.4030441400304414,
      "windows_1yr": 4.399552511415525,
      "windows_3yr": 3.611044140030441
    },
    "Standard_E96s_v5": {
      "linux_payg": 7.104,
      "windows_payg": 11.52,
      "linux_1yr": 4.383219178082192,
      "linux_3yr": 2.806088280060883,
      "windows_1yr": 8.799219178082192,
      "windows_3yr": 7.222088280060882
    },
    "Standard_E16s_v5": {
      "linux_payg": 1.184,
      "windows_payg": 1.92,
      "linux_1yr": 0.7304794520547945,
      "linux_3yr": 0.46769406392694063,
      "windows_1yr": 1.4664794520547946,
      "windows_3yr": 1.2036940639269407
    },
    "Standard_E2s_v5": {
      "windows_payg": 0.24,
      "linux_payg": 0.148,
      "linux_1yr": 0.091324200913242,
      "linux_3yr": 0.058447488584474884,
      "windows_1yr": 0.183324200913242,
      "windows_3yr": 0.15044748858447488
    },
    "Standard_E4s_v5": {
      "linux_payg": 0.296,
      "windows_payg": 0.48,
      "linux_1yr": 0.182648401826484,
      "linux_3yr": 0.11693302891933029,
      "windows_1yr": 0.366648401826484,
      "windows_3yr": 0.30093302891933027
    }
  },
  "disk_prices": {
    "premium-ssd": {
      "P20": 4.106,
      "P15": 2.281,
      "P10": 1.137,
      "P80": 273.74,
      "P2": 0.075,
      "P30": 8.212,
      "P3": 0.15,
      "Snapshots": 0.16,
      "P4": 0.325,
      "P6": 0.587,
      "P60": 63.645,
      "P1": 0.0375,
      "Confidential Compute Encryption": 3.3e-05,
      "Burst Enablement": 30.72,
      "P70": 136.87,
      "P50": 31.823,
      "P40": 16.425,
      "Burst Transactions": 0.00625
    },
    "standard-ssd": {
      "E40": 0.002,
      "E70": 0.002,
      "E3": 0.15,
      "E2": 0.075,
      "E15": 0.002,
      "E50": 0.002,
      "E60": 0.002,
      "E20": 0.002,
      "E1": 0.0375,
      "E30": 0.002,
      "E6": 0.002,
      "E80": 0.002,
      "E4": 0.002,
      "E10": 0.002,
      "Confidential Compute Encryption": 2.3e-05,
      "Snapshots": 0.16,
      "Disk Transactions": 0.0025
    },
    "standard-hdd": {
      "S70": 0.0005,
      "S20": 0.0005,
      "S15": 0.0005,
      "Snapshots": 0.053,
      "S60": 0.0005,
      "S50": 0.0005,
      "S30": 0.0005,
      "Standard HDD Managed Disks - Confidential Compute Encryption": 1.1e-05,
      "S4": 0.0005,
      "S40": 0.0005,
      "S10": 0.0005,
      "Disk Transactions": 0.000625,
      "S6": 0.0005,
      "S80": 0.0005
    }
  }
}