{
  "fetched_at": "2026-06-03T16:26:13.807216+00:00",
  "region": "japanwest",
  "currency": "USD",
  "vm_prices": {
    "Standard_D48s_v5": {
      "linux_payg": 2.976,
      "windows_payg": 5.184,
      "linux_1yr": 1.836187214611872,
      "linux_3yr": 1.1755327245053273,
      "windows_1yr": 4.044187214611872,
      "windows_3yr": 3.3835327245053275
    },
    "Standard_D96s_v5": {
      "windows_payg": 10.368,
      "linux_payg": 5.952,
      "linux_1yr": 3.672374429223744,
      "linux_3yr": 2.3510273972602738,
      "windows_1yr": 8.088374429223744,
      "windows_3yr": 6.767027397260274
    },
    "Standard_D8s_v5": {
      "linux_payg": 0.496,
      "windows_payg": 0.864,
      "linux_1yr": 0.30605022831050227,
      "linux_3yr": 0.19592846270928463,
      "windows_1yr": 0.6740502283105023,
      "windows_3yr": 0.5639284627092847
    },
    "Standard_D64s_v5": {
      "linux_payg": 3.968,
      "windows_payg": 6.912,
      "linux_1yr": 2.4482876712328765,
      "linux_3yr": 1.567351598173516,
      "windows_1yr": 5.392287671232877,
      "windows_3yr": 4.5113515981735155
    },
    "Standard_D2s_v5": {
      "linux_payg": 0.124,
      "windows_payg": 0.216,
      "linux_1yr": 0.07648401826484018,
      "linux_3yr": 0.04897260273972603,
      "windows_1yr": 0.16848401826484016,
      "windows_3yr": 0.14097260273972603
    },
    "Standard_D32s_v5": {
      "linux_payg": 1.984,
      "windows_payg": 3.456,
      "linux_1yr": 1.2240867579908676,
      "linux_3yr": 0.783675799086758,
      "windows_1yr": 2.6960867579908676,
      "windows_3yr": 2.2556757990867577
    },
    "Standard_D16s_v5": {
      "linux_payg": 0.992,
      "windows_payg": 1.728,
      "linux_1yr": 0.6121004566210045,
      "linux_3yr": 0.39185692541856926,
      "windows_1yr": 1.3481004566210046,
      "windows_3yr": 1.1278569254185693
    },
    "Standard_D4s_v5": {
      "linux_payg": 0.248,
      "windows_payg": 0.432,
      "linux_1yr": 0.15296803652968036,
      "linux_3yr": 0.09794520547945205,
      "windows_1yr": 0.3369680365296803,
      "windows_3yr": 0.28194520547945207
    },
    "Standard_E32s_v5": {
      "linux_payg": 2.432,
      "windows_payg": 3.904,
      "linux_1yr": 1.5005707762557077,
      "linux_3yr": 0.9606544901065449,
      "windows_1yr": 2.972570776255708,
      "windows_3yr": 2.432654490106545
    },
    "Standard_E48s_v5": {
      "windows_payg": 5.856,
      "linux_payg": 3.648,
      "linux_1yr": 2.250799086757991,
      "linux_3yr": 1.440943683409437,
      "windows_1yr": 4.45879908675799,
      "windows_3yr": 3.6489436834094366
    },
    "Standard_E16s_v5": {
      "windows_payg": 1.952,
      "linux_payg": 1.216,
      "linux_1yr": 0.7502283105022831,
      "linux_3yr": 0.48032724505327246,
      "windows_1yr": 1.486228310502283,
      "windows_3yr": 1.2163272450532725
    },
    "Standard_E8s_v5": {
      "linux_payg": 0.608,
      "windows_payg": 0.976,
      "linux_1yr": 0.37511415525114156,
      "linux_3yr": 0.24014459665144597,
      "windows_1yr": 0.7431141552511416,
      "windows_3yr": 0.6081445966514459
    },
    "Standard_E20s_v5": {
      "linux_payg": 1.52,
      "windows_payg": 2.44,
      "linux_1yr": 0.9377853881278538,
      "linux_3yr": 0.6004185692541857,
      "windows_1yr": 1.8577853881278537,
      "windows_3yr": 1.5204185692541856
    },
    "Standard_E2s_v5": {
      "windows_payg": 0.244,
      "linux_payg": 0.152,
      "linux_1yr": 0.09383561643835617,
      "linux_3yr": 0.06004566210045662,
      "windows_1yr": 0.18583561643835617,
      "windows_3yr": 0.1520456621004566
    },
    "Standard_E4s_v5": {
      "linux_payg": 0.304,
      "windows_payg": 0.488,
      "linux_1yr": 0.18755707762557078,
      "linux_3yr": 0.12009132420091324,
      "windows_1yr": 0.3715570776255708,
      "windows_3yr": 0.3040913242009132
    },
    "Standard_E96s_v5": {
      "linux_payg": 7.296,
      "windows_payg": 11.712,
      "linux_1yr": 4.501598173515982,
      "linux_3yr": 2.881925418569254,
      "windows_1yr": 8.91759817351598,
      "windows_3yr": 7.297925418569253
    },
    "Standard_E64s_v5": {
      "linux_payg": 4.864,
      "windows_payg": 7.808,
      "linux_1yr": 3.0011415525114153,
      "linux_3yr": 1.9212709284627092,
      "windows_1yr": 5.945141552511416,
      "windows_3yr": 4.865270928462709
    }
  },
  "disk_prices": {
    "premium-ssd": {
      "P2": 0.093,
      "Snapshots": 0.138,
      "P3": 0.186,
      "P1": 0.0465,
      "P10": 1.41,
      "P4": 0.403,
      "P80": 339.44,
      "P60": 78.921,
      "P40": 20.367,
      "P15": 2.829,
      "P20": 5.092,
      "P70": 169.72,
      "P6": 0.728,
      "P50": 39.46,
      "Confidential Compute Encryption": 4.2e-05,
      "P30": 10.183,
      "Burst Transactions": 0.00775,
      "Burst Enablement": 38.093
    },
    "standard-ssd": {
      "E6": 0.002,
      "E40": 0.002,
      "E2": 0.093,
      "Snapshots": 0.138,
      "E70": 0.002,
      "E3": 0.186,
      "E50": 0.002,
      "E4": 0.002,
      "E15": 0.002,
      "E1": 0.0465,
      "E80": 0.002,
      "E20": 0.002,
      "E30": 0.002,
      "E10": 0.002,
      "E60": 0.002,
      "Confidential Compute Encryption": 2.1e-05,
      "Disk Transactions": 0.0031
    },
    "standard-hdd": {
      "S20": 0.0005,
      "Standard HDD Managed Disks - Confidential Compute Encryption": 1.1e-05,
      "S40": 0.0005,
      "Disk Transactions": 0.000775,
      "S80": 0.0005,
      "S50": 0.0005,
      "S70": 0.0005,
      "S10": 0.0005,
      "S4": 0.0005,
      "Snapshots": 0.05,
      "S60": 0.0005,
      "S6": 0.0005,
      "S15": 0.0005,
      "S30": 0.0005
    }
  }
}