{
  "fetched_at": "2026-06-03T16:24:41.025864+00:00",
  "region": "centralus",
  "currency": "USD",
  "vm_prices": {
    "Standard_D96s_v5": {
      "linux_payg": 5.207,
      "windows_payg": 9.623,
      "linux_1yr": 2.7187214611872146,
      "linux_3yr": 1.7049467275494672,
      "windows_1yr": 7.134721461187214,
      "windows_3yr": 6.120946727549467
    },
    "Standard_D2s_v5": {
      "linux_payg": 0.108,
      "windows_payg": 0.2,
      "linux_1yr": 0.05662100456621005,
      "linux_3yr": 0.03550228310502283,
      "windows_1yr": 0.14862100456621005,
      "windows_3yr": 0.12750228310502285
    },
    "Standard_D8s_v5": {
      "windows_payg": 0.802,
      "linux_payg": 0.434,
      "linux_1yr": 0.22659817351598174,
      "linux_3yr": 0.14208523592085237,
      "windows_1yr": 0.5945981735159818,
      "windows_3yr": 0.5100852359208524
    },
    "Standard_D32s_v5": {
      "linux_payg": 1.736,
      "windows_payg": 3.208,
      "linux_1yr": 0.9062785388127854,
      "linux_3yr": 0.568302891933029,
      "windows_1yr": 2.3782785388127854,
      "windows_3yr": 2.0403028919330293
    },
    "Standard_D48s_v5": {
      "linux_payg": 2.604,
      "windows_payg": 4.812,
      "linux_1yr": 1.3593607305936073,
      "linux_3yr": 0.8524733637747336,
      "windows_1yr": 3.5673607305936077,
      "windows_3yr": 3.060473363774734
    },
    "Standard_D16s_v5": {
      "linux_payg": 0.868,
      "windows_payg": 1.604,
      "linux_1yr": 0.45308219178082193,
      "linux_3yr": 0.28417047184170474,
      "windows_1yr": 1.189082191780822,
      "windows_3yr": 1.0201704718417048
    },
    "Standard_D4s_v5": {
      "linux_payg": 0.217,
      "windows_payg": 0.401,
      "linux_1yr": 0.1132420091324201,
      "linux_3yr": 0.07104261796042619,
      "windows_1yr": 0.2972420091324201,
      "windows_3yr": 0.2550426179604262
    },
    "Standard_D64s_v5": {
      "linux_payg": 3.471,
      "windows_payg": 6.415,
      "linux_1yr": 1.8124429223744292,
      "linux_3yr": 1.1366438356164383,
      "windows_1yr": 4.756442922374429,
      "windows_3yr": 4.0806438356164385
    },
    "Standard_E96s_v5": {
      "windows_payg": 11.25,
      "linux_payg": 6.834,
      "linux_1yr": 3.5682648401826484,
      "linux_3yr": 2.2377473363774736,
      "windows_1yr": 7.984264840182648,
      "windows_3yr": 6.653747336377474
    },
    "Standard_E48s_v5": {
      "windows_payg": 5.625,
      "linux_payg": 3.417,
      "linux_1yr": 1.7841324200913242,
      "linux_3yr": 1.1188736681887368,
      "windows_1yr": 3.992132420091324,
      "windows_3yr": 3.326873668188737
    },
    "Standard_E32s_v5": {
      "linux_payg": 2.278,
      "windows_payg": 3.75,
      "linux_1yr": 1.1893835616438355,
      "linux_3yr": 0.7459284627092846,
      "windows_1yr": 2.6613835616438353,
      "windows_3yr": 2.217928462709285
    },
    "Standard_E2s_v5": {
      "linux_payg": 0.142,
      "windows_payg": 0.234,
      "linux_1yr": 0.07431506849315068,
      "linux_3yr": 0.04661339421613394,
      "windows_1yr": 0.1663150684931507,
      "windows_3yr": 0.13861339421613397
    },
    "Standard_E16s_v5": {
      "linux_payg": 1.139,
      "windows_payg": 1.875,
      "linux_1yr": 0.5947488584474886,
      "linux_3yr": 0.37294520547945204,
      "windows_1yr": 1.3307488584474885,
      "windows_3yr": 1.108945205479452
    },
    "Standard_E64s_v5": {
      "windows_payg": 7.5,
      "linux_payg": 4.556,
      "linux_1yr": 2.3788812785388127,
      "linux_3yr": 1.4918569254185692,
      "windows_1yr": 5.322881278538812,
      "windows_3yr": 4.43585692541857
    },
    "Standard_E20s_v5": {
      "windows_payg": 2.344,
      "linux_payg": 1.424,
      "linux_1yr": 0.7433789954337899,
      "linux_3yr": 0.46621004566210045,
      "windows_1yr": 1.6633789954337899,
      "windows_3yr": 1.3862100456621005
    },
    "Standard_E8s_v5": {
      "windows_payg": 0.938,
      "linux_payg": 0.57,
      "linux_1yr": 0.2973744292237443,
      "linux_3yr": 0.18649162861491628,
      "windows_1yr": 0.6653744292237442,
      "windows_3yr": 0.5544916286149163
    },
    "Standard_E4s_v5": {
      "windows_payg": 0.469,
      "linux_payg": 0.285,
      "linux_1yr": 0.14863013698630137,
      "linux_3yr": 0.09322678843226788,
      "windows_1yr": 0.3326301369863014,
      "windows_3yr": 0.2772267884322679
    }
  },
  "disk_prices": {
    "premium-ssd": {
      "P1": 0.0369,
      "P40": 16.162,
      "P60": 62.632,
      "P30": 8.081,
      "P80": 269.37,
      "P10": 1.119,
      "Burst Enablement": 30.228,
      "P15": 2.245,
      "Confidential Compute Encryption": 2.7e-05,
      "P6": 0.578,
      "Burst Transactions": 0.00615,
      "P20": 4.041,
      "P3": 0.148,
      "Snapshots": 0.132,
      "P4": 0.32,
      "P2": 0.0738,
      "P50": 31.316,
      "P70": 134.68
    },
    "standard-ssd": {
      "E50": 0.002,
      "E80": 0.002,
      "E3": 0.148,
      "E10": 0.002,
      "E70": 0.002,
      "Disk Transactions": 0.00246,
      "E60": 0.002,
      "E1": 0.0369,
      "E15": 0.002,
      "E4": 0.002,
      "E40": 0.002,
      "E20": 0.002,
      "E30": 0.002,
      "E6": 0.002,
      "E2": 0.0738,
      "Snapshots": 0.132,
      "Confidential Compute Encryption": 2.1e-05
    },
    "standard-hdd": {
      "S30": 0.0005,
      "S10": 0.0005,
      "S60": 0.0005,
      "S40": 0.0005,
      "S70": 0.0005,
      "S50": 0.0005,
      "Standard HDD Managed Disks - Confidential Compute Encryption": 1.1e-05,
      "S4": 0.0005,
      "S20": 0.0005,
      "S80": 0.0005,
      "Snapshots": 0.05,
      "Disk Transactions": 0.000615,
      "S15": 0.0005,
      "S6": 0.0005
    }
  }
}