{
  "fetched_at": "2026-06-03T16:25:19.715834+00:00",
  "region": "francesouth",
  "currency": "USD",
  "vm_prices": {
    "Standard_D8s_v5": {
      "windows_payg": 0.95,
      "linux_payg": 0.582,
      "linux_1yr": 0.3593607305936073,
      "linux_3yr": 0.23006088280060882,
      "windows_1yr": 0.7273607305936073,
      "windows_3yr": 0.5980608828006089
    },
    "Standard_D32s_v5": {
      "linux_payg": 2.33,
      "windows_payg": 3.802,
      "linux_1yr": 1.4373287671232877,
      "linux_3yr": 0.9202054794520548,
      "windows_1yr": 2.909328767123288,
      "windows_3yr": 2.3922054794520546
    },
    "Standard_D16s_v5": {
      "windows_payg": 1.901,
      "linux_payg": 1.165,
      "linux_1yr": 0.7187214611872146,
      "linux_3yr": 0.46008371385083713,
      "windows_1yr": 1.4547214611872146,
      "windows_3yr": 1.1960837138508371
    },
    "Standard_D4s_v5": {
      "linux_payg": 0.291,
      "windows_payg": 0.475,
      "linux_1yr": 0.17968036529680365,
      "linux_3yr": 0.11503044140030441,
      "windows_1yr": 0.36368036529680364,
      "windows_3yr": 0.29903044140030444
    },
    "Standard_D48s_v5": {
      "linux_payg": 3.494,
      "windows_payg": 5.702,
      "linux_1yr": 2.156050228310502,
      "linux_3yr": 1.380289193302892,
      "windows_1yr": 4.364050228310502,
      "windows_3yr": 3.5882891933028915
    },
    "Standard_D64s_v5": {
      "linux_payg": 4.659,
      "windows_payg": 7.603,
      "linux_1yr": 2.874771689497717,
      "linux_3yr": 1.8403729071537291,
      "windows_1yr": 5.8187716894977175,
      "windows_3yr": 4.784372907153729
    },
    "Standard_D2s_v5": {
      "linux_payg": 0.146,
      "windows_payg": 0.238,
      "linux_1yr": 0.08984018264840182,
      "linux_3yr": 0.057496194824961946,
      "windows_1yr": 0.18184018264840182,
      "windows_3yr": 0.14949619482496196
    },
    "Standard_D96s_v5": {
      "linux_payg": 6.989,
      "windows_payg": 11.405,
      "linux_1yr": 4.312100456621004,
      "linux_3yr": 2.760578386605784,
      "windows_1yr": 8.728100456621004,
      "windows_3yr": 7.176578386605783
    },
    "Standard_E16s_v5": {
      "linux_payg": 1.539,
      "windows_payg": 2.275,
      "linux_1yr": 0.9496575342465754,
      "linux_3yr": 0.6079908675799087,
      "windows_1yr": 1.6856575342465754,
      "windows_3yr": 1.3439908675799086
    },
    "Standard_E64s_v5": {
      "linux_payg": 6.157,
      "windows_payg": 9.101,
      "linux_1yr": 3.798744292237443,
      "linux_3yr": 2.431925418569254,
      "windows_1yr": 6.742744292237443,
      "windows_3yr": 5.375925418569254
    },
    "Standard_E96s_v5": {
      "windows_payg": 13.651,
      "linux_payg": 9.235,
      "linux_1yr": 5.698173515981735,
      "linux_3yr": 3.6479071537290717,
      "windows_1yr": 10.114173515981737,
      "windows_3yr": 8.063907153729073
    },
    "Standard_E48s_v5": {
      "linux_payg": 4.618,
      "windows_payg": 6.826,
      "linux_1yr": 2.8490867579908676,
      "linux_3yr": 1.8239345509893454,
      "windows_1yr": 5.0570867579908665,
      "windows_3yr": 4.0319345509893445
    },
    "Standard_E20s_v5": {
      "linux_payg": 1.924,
      "windows_payg": 2.844,
      "linux_1yr": 1.1871004566210046,
      "linux_3yr": 0.7599695585996956,
      "windows_1yr": 2.1071004566210045,
      "windows_3yr": 1.6799695585996957
    },
    "Standard_E2s_v5": {
      "windows_payg": 0.284,
      "linux_payg": 0.192,
      "linux_1yr": 0.1187214611872146,
      "linux_3yr": 0.07598934550989346,
      "windows_1yr": 0.21072146118721458,
      "windows_3yr": 0.16798934550989342
    },
    "Standard_E8s_v5": {
      "windows_payg": 1.138,
      "linux_payg": 0.77,
      "linux_1yr": 0.4748858447488584,
      "linux_3yr": 0.30399543378995436,
      "windows_1yr": 0.8428858447488583,
      "windows_3yr": 0.6719954337899543
    },
    "Standard_E32s_v5": {
      "linux_payg": 3.078,
      "windows_payg": 4.55,
      "linux_1yr": 1.8994292237442922,
      "linux_3yr": 1.2159817351598174,
      "windows_1yr": 3.3714292237442924,
      "windows_3yr": 2.687981735159817
    },
    "Standard_E4s_v5": {
      "windows_payg": 0.569,
      "linux_payg": 0.385,
      "linux_1yr": 0.2374429223744292,
      "linux_3yr": 0.15197869101978692,
      "windows_1yr": 0.42144292237442915,
      "windows_3yr": 0.33597869101978683
    }
  },
  "disk_prices": {
    "premium-ssd": {
      "P40": 21.352,
      "P70": 177.94,
      "P2": 0.0975,
      "P1": 0.0488,
      "P10": 1.479,
      "P20": 5.338,
      "P30": 10.676,
      "Snapshots": 0.208,
      "P4": 0.422,
      "P60": 83.038,
      "P50": 41.519,
      "P3": 0.195,
      "Burst Transactions": 0.00812,
      "Confidential Compute Encryption": 4.3e-05,
      "P80": 355.88,
      "P6": 0.764,
      "P15": 2.966,
      "Burst Enablement": 39.936
    },
    "standard-ssd": {
      "E50": 0.002,
      "E80": 0.002,
      "E40": 0.002,
      "E10": 0.002,
      "E30": 0.002,
      "E6": 0.002,
      "E15": 0.002,
      "E4": 0.002,
      "E3": 0.195,
      "Confidential Compute Encryption": 2.9e-05,
      "E1": 0.0488,
      "E2": 0.0975,
      "E70": 0.002,
      "E60": 0.002,
      "E20": 0.002,
      "Snapshots": 0.208,
      "Disk Transactions": 0.00325
    },
    "standard-hdd": {
      "S40": 0.0005,
      "S80": 0.0005,
      "S30": 0.0005,
      "S6": 0.0005,
      "Snapshots": 0.0689,
      "Standard HDD Managed Disks - Confidential Compute Encryption": 1.3e-05,
      "S10": 0.0005,
      "Disk Transactions": 0.000812,
      "S60": 0.0005,
      "S50": 0.0005,
      "S15": 0.0005,
      "S20": 0.0005,
      "S70": 0.0005,
      "S4": 0.0005
    }
  }
}