{
  "fetched_at": "2026-06-03T16:26:20.877585+00:00",
  "region": "koreasouth",
  "currency": "USD",
  "vm_prices": {
    "Standard_D8s_v5": {
      "linux_payg": 0.442,
      "windows_payg": 0.81,
      "linux_1yr": 0.27248858447488583,
      "linux_3yr": 0.17442922374429223,
      "windows_1yr": 0.6404885844748859,
      "windows_3yr": 0.5424292237442923
    },
    "Standard_D96s_v5": {
      "linux_payg": 5.299,
      "windows_payg": 9.715,
      "linux_1yr": 3.269634703196347,
      "linux_3yr": 2.0931887366818875,
      "windows_1yr": 7.685634703196346,
      "windows_3yr": 6.509188736681887
    },
    "Standard_D64s_v5": {
      "windows_payg": 6.477,
      "linux_payg": 3.533,
      "linux_1yr": 2.1797945205479454,
      "linux_3yr": 1.3954718417047185,
      "windows_1yr": 5.123794520547946,
      "windows_3yr": 4.339471841704719
    },
    "Standard_D32s_v5": {
      "linux_payg": 1.766,
      "windows_payg": 3.238,
      "linux_1yr": 1.0898401826484019,
      "linux_3yr": 0.6977168949771689,
      "windows_1yr": 2.561840182648402,
      "windows_3yr": 2.169716894977169
    },
    "Standard_D16s_v5": {
      "windows_payg": 1.619,
      "linux_payg": 0.883,
      "linux_1yr": 0.5449771689497717,
      "linux_3yr": 0.34885844748858447,
      "windows_1yr": 1.2809771689497715,
      "windows_3yr": 1.0848584474885845
    },
    "Standard_D4s_v5": {
      "windows_payg": 0.405,
      "linux_payg": 0.221,
      "linux_1yr": 0.13618721461187214,
      "linux_3yr": 0.08721461187214612,
      "windows_1yr": 0.32018721461187216,
      "windows_3yr": 0.2712146118721461
    },
    "Standard_D2s_v5": {
      "linux_payg": 0.11,
      "windows_payg": 0.202,
      "linux_1yr": 0.06815068493150685,
      "linux_3yr": 0.04360730593607306,
      "windows_1yr": 0.16015068493150686,
      "windows_3yr": 0.13560730593607306
    },
    "Standard_D48s_v5": {
      "windows_payg": 4.858,
      "linux_payg": 2.65,
      "linux_1yr": 1.6348173515981734,
      "linux_3yr": 1.0465753424657533,
      "windows_1yr": 3.842817351598173,
      "windows_3yr": 3.254575342465753
    },
    "Standard_E64s_v5": {
      "linux_payg": 4.637,
      "windows_payg": 7.581,
      "linux_1yr": 2.860958904109589,
      "linux_3yr": 1.831544901065449,
      "windows_1yr": 5.80495890410959,
      "windows_3yr": 4.77554490106545
    },
    "Standard_E4s_v5": {
      "windows_payg": 0.474,
      "linux_payg": 0.29,
      "linux_1yr": 0.17876712328767122,
      "linux_3yr": 0.11445966514459666,
      "windows_1yr": 0.36276712328767124,
      "windows_3yr": 0.29845966514459665
    },
    "Standard_E96s_v5": {
      "linux_payg": 6.955,
      "windows_payg": 11.371,
      "linux_1yr": 4.291324200913242,
      "linux_3yr": 2.747298325722983,
      "windows_1yr": 8.707324200913241,
      "windows_3yr": 7.163298325722984
    },
    "Standard_E20s_v5": {
      "windows_payg": 2.369,
      "linux_payg": 1.449,
      "linux_1yr": 0.8940639269406393,
      "linux_3yr": 0.5723363774733637,
      "windows_1yr": 1.8140639269406393,
      "windows_3yr": 1.492336377473364
    },
    "Standard_E8s_v5": {
      "linux_payg": 0.58,
      "windows_payg": 0.948,
      "linux_1yr": 0.357648401826484,
      "linux_3yr": 0.22895738203957383,
      "windows_1yr": 0.7256484018264839,
      "windows_3yr": 0.5969573820395738
    },
    "Standard_E48s_v5": {
      "windows_payg": 5.686,
      "linux_payg": 3.478,
      "linux_1yr": 2.145662100456621,
      "linux_3yr": 1.373668188736682,
      "windows_1yr": 4.353662100456621,
      "windows_3yr": 3.581668188736682
    },
    "Standard_E16s_v5": {
      "windows_payg": 1.895,
      "linux_payg": 1.159,
      "linux_1yr": 0.7151826484018264,
      "linux_3yr": 0.45787671232876714,
      "windows_1yr": 1.4511826484018264,
      "windows_3yr": 1.193876712328767
    },
    "Standard_E2s_v5": {
      "linux_payg": 0.145,
      "windows_payg": 0.237,
      "linux_1yr": 0.08938356164383561,
      "linux_3yr": 0.05722983257229833,
      "windows_1yr": 0.18138356164383562,
      "windows_3yr": 0.14922983257229833
    },
    "Standard_E32s_v5": {
      "linux_payg": 2.318,
      "windows_payg": 3.79,
      "linux_1yr": 1.4304794520547945,
      "linux_3yr": 0.9157534246575343,
      "windows_1yr": 2.9024794520547945,
      "windows_3yr": 2.387753424657534
    }
  },
  "disk_prices": {
    "premium-ssd": {
      "P80": 273.75,
      "P2": 0.075,
      "Confidential Compute Encryption": 3.4e-05,
      "P70": 136.88,
      "P6": 0.588,
      "Burst Transactions": 0.00625,
      "P10": 1.138,
      "P60": 63.875,
      "P4": 0.325,
      "P15": 2.281,
      "P50": 31.938,
      "P3": 0.15,
      "Snapshots": 0.132,
      "P40": 16.425,
      "P1": 0.0375,
      "P20": 4.106,
      "P30": 8.212,
      "Burst Enablement": 30.72
    },
    "standard-ssd": {
      "E80": 0.002,
      "E4": 0.002,
      "E60": 0.002,
      "Disk Transactions": 0.0025,
      "E15": 0.002,
      "E10": 0.002,
      "E20": 0.002,
      "E3": 0.15,
      "E2": 0.075,
      "E40": 0.002,
      "E70": 0.002,
      "E30": 0.002,
      "E6": 0.002,
      "E50": 0.002,
      "E1": 0.0375,
      "Snapshots": 0.132,
      "Confidential Compute Encryption": 2.1e-05
    },
    "standard-hdd": {
      "S70": 0.0005,
      "S6": 0.0005,
      "S50": 0.0005,
      "S4": 0.0005,
      "S40": 0.0005,
      "S15": 0.0005,
      "S10": 0.0005,
      "S30": 0.0005,
      "Standard HDD Managed Disks - Confidential Compute Encryption": 1.1e-05,
      "S80": 0.0005,
      "S60": 0.0005,
      "S20": 0.0005,
      "Snapshots": 0.05,
      "Disk Transactions": 0.000625
    }
  }
}