{
  "fetched_at": "2026-06-03T16:24:36.808570+00:00",
  "region": "westus3",
  "currency": "USD",
  "vm_prices": {
    "Standard_D2s_v5": {
      "windows_payg": 0.188,
      "linux_payg": 0.096,
      "linux_1yr": 0.05662100456621005,
      "linux_3yr": 0.03649162861491628,
      "windows_1yr": 0.14862100456621005,
      "windows_3yr": 0.12849162861491628
    },
    "Standard_D16s_v5": {
      "windows_payg": 1.504,
      "linux_payg": 0.768,
      "linux_1yr": 0.45308219178082193,
      "linux_3yr": 0.2918569254185693,
      "windows_1yr": 1.1890821917808219,
      "windows_3yr": 1.0278569254185692
    },
    "Standard_D96s_v5": {
      "windows_payg": 9.024,
      "linux_payg": 4.608,
      "linux_1yr": 2.7187214611872146,
      "linux_3yr": 1.751027397260274,
      "windows_1yr": 7.134721461187214,
      "windows_3yr": 6.167027397260274
    },
    "Standard_D8s_v5": {
      "windows_payg": 0.752,
      "linux_payg": 0.384,
      "linux_1yr": 0.22659817351598174,
      "linux_3yr": 0.14592846270928464,
      "windows_1yr": 0.5945981735159818,
      "windows_3yr": 0.5139284627092846
    },
    "Standard_D4s_v5": {
      "windows_payg": 0.376,
      "linux_payg": 0.192,
      "linux_1yr": 0.1132420091324201,
      "linux_3yr": 0.07294520547945206,
      "windows_1yr": 0.2972420091324201,
      "windows_3yr": 0.25694520547945204
    },
    "Standard_D64s_v5": {
      "windows_payg": 6.016,
      "linux_payg": 3.072,
      "linux_1yr": 1.8124429223744292,
      "linux_3yr": 1.167351598173516,
      "windows_1yr": 4.756442922374429,
      "windows_3yr": 4.111351598173516
    },
    "Standard_D32s_v5": {
      "windows_payg": 3.008,
      "linux_payg": 1.536,
      "linux_1yr": 0.9062785388127854,
      "linux_3yr": 0.583675799086758,
      "windows_1yr": 2.3782785388127854,
      "windows_3yr": 2.055675799086758
    },
    "Standard_D48s_v5": {
      "linux_payg": 2.304,
      "windows_payg": 4.512,
      "linux_1yr": 1.3593607305936073,
      "linux_3yr": 0.8755327245053273,
      "windows_1yr": 3.567360730593607,
      "windows_3yr": 3.083532724505327
    },
    "Standard_E96s_v5": {
      "linux_payg": 6.048,
      "windows_payg": 10.464,
      "linux_1yr": 3.5682648401826484,
      "linux_3yr": 2.298249619482496,
      "windows_1yr": 7.984264840182648,
      "windows_3yr": 6.714249619482496
    },
    "Standard_E16s_v5": {
      "linux_payg": 1.008,
      "windows_payg": 1.744,
      "linux_1yr": 0.5947488584474886,
      "linux_3yr": 0.3830289193302892,
      "windows_1yr": 1.3307488584474885,
      "windows_3yr": 1.1190289193302891
    },
    "Standard_E64s_v5": {
      "linux_payg": 4.032,
      "windows_payg": 6.976,
      "linux_1yr": 2.3788812785388127,
      "linux_3yr": 1.5321537290715372,
      "windows_1yr": 5.322881278538812,
      "windows_3yr": 4.476153729071537
    },
    "Standard_E4s_v5": {
      "windows_payg": 0.436,
      "linux_payg": 0.252,
      "linux_1yr": 0.14863013698630137,
      "linux_3yr": 0.09577625570776256,
      "windows_1yr": 0.3326301369863014,
      "windows_3yr": 0.27977625570776254
    },
    "Standard_E8s_v5": {
      "linux_payg": 0.504,
      "windows_payg": 0.872,
      "linux_1yr": 0.2973744292237443,
      "linux_3yr": 0.1915144596651446,
      "windows_1yr": 0.6653744292237442,
      "windows_3yr": 0.5595144596651446
    },
    "Standard_E48s_v5": {
      "windows_payg": 5.232,
      "linux_payg": 3.024,
      "linux_1yr": 1.7841324200913242,
      "linux_3yr": 1.149124809741248,
      "windows_1yr": 3.992132420091324,
      "windows_3yr": 3.357124809741248
    },
    "Standard_E2s_v5": {
      "linux_payg": 0.126,
      "windows_payg": 0.218,
      "linux_1yr": 0.07431506849315068,
      "linux_3yr": 0.04786910197869102,
      "windows_1yr": 0.1663150684931507,
      "windows_3yr": 0.139869101978691
    },
    "Standard_E32s_v5": {
      "windows_payg": 3.488,
      "linux_payg": 2.016,
      "linux_1yr": 1.1893835616438355,
      "linux_3yr": 0.7660958904109589,
      "windows_1yr": 2.6613835616438353,
      "windows_3yr": 2.2380958904109587
    },
    "Standard_E20s_v5": {
      "linux_payg": 1.26,
      "windows_payg": 2.18,
      "linux_1yr": 0.7433789954337899,
      "linux_3yr": 0.47880517503805176,
      "windows_1yr": 1.66337899543379,
      "windows_3yr": 1.398805175038052
    }
  },
  "disk_prices": {
    "premium-ssd": {
      "P6": 0.47,
      "P60": 50.915,
      "P2": 0.06,
      "P20": 3.285,
      "Burst Enablement": 24.576,
      "P3": 0.12,
      "Snapshots": 0.12,
      "P10": 0.91,
      "P1": 0.03,
      "Confidential Compute Encryption": 2.7e-05,
      "P80": 218.99,
      "P30": 6.57,
      "P40": 13.139,
      "P70": 109.49,
      "Burst Transactions": 0.005,
      "P50": 25.457,
      "P4": 0.26,
      "P15": 1.825
    },
    "standard-ssd": {
      "E50": 0.002,
      "E20": 0.002,
      "E10": 0.002,
      "E70": 0.002,
      "E30": 0.002,
      "Confidential Compute Encryption": 2.1e-05,
      "E4": 0.002,
      "E80": 0.002,
      "E6": 0.002,
      "E3": 0.12,
      "E15": 0.002,
      "E1": 0.03,
      "E40": 0.002,
      "E60": 0.002,
      "Snapshots": 0.12,
      "Disk Transactions": 0.002,
      "E2": 0.06
    },
    "standard-hdd": {
      "Snapshots": 0.05,
      "Disk Transactions": 0.0005,
      "S10": 0.0005,
      "S30": 0.0005,
      "Standard HDD Managed Disks - Confidential Compute Encryption": 1.5e-05,
      "S70": 0.0005,
      "S15": 0.0005,
      "S60": 0.0005,
      "S80": 0.0005,
      "S20": 0.0005,
      "S4": 0.0005,
      "S40": 0.0005,
      "S50": 0.0005,
      "S6": 0.0005
    }
  }
}