{
  "fetched_at": "2026-06-03T16:26:48.481858+00:00",
  "region": "uaecentral",
  "currency": "USD",
  "vm_prices": {
    "Standard_D2s_v5": {
      "windows_payg": 0.245,
      "linux_payg": 0.153,
      "linux_1yr": 0.09440639269406392,
      "linux_3yr": 0.0604261796042618,
      "windows_1yr": 0.18640639269406392,
      "windows_3yr": 0.1524261796042618
    },
    "Standard_D4s_v5": {
      "linux_payg": 0.306,
      "windows_payg": 0.49,
      "linux_1yr": 0.18881278538812785,
      "linux_3yr": 0.12089041095890411,
      "windows_1yr": 0.37281278538812784,
      "windows_3yr": 0.3048904109589041
    },
    "Standard_D8s_v5": {
      "windows_payg": 0.98,
      "linux_payg": 0.612,
      "linux_1yr": 0.3776255707762557,
      "linux_3yr": 0.2417427701674277,
      "windows_1yr": 0.7456255707762557,
      "windows_3yr": 0.6097427701674277
    },
    "Standard_D96s_v5": {
      "windows_payg": 11.76,
      "linux_payg": 7.344,
      "linux_1yr": 4.531506849315068,
      "linux_3yr": 2.9010654490106544,
      "windows_1yr": 8.947506849315069,
      "windows_3yr": 7.317065449010654
    },
    "Standard_D32s_v5": {
      "windows_payg": 3.92,
      "linux_payg": 2.448,
      "linux_1yr": 1.5105022831050228,
      "linux_3yr": 0.9670091324200913,
      "windows_1yr": 2.9825022831050227,
      "windows_3yr": 2.4390091324200913
    },
    "Standard_D16s_v5": {
      "windows_payg": 1.96,
      "linux_payg": 1.224,
      "linux_1yr": 0.7552511415525114,
      "linux_3yr": 0.48352359208523593,
      "windows_1yr": 1.4912511415525114,
      "windows_3yr": 1.2195235920852359
    },
    "Standard_D48s_v5": {
      "windows_payg": 5.88,
      "linux_payg": 3.672,
      "linux_1yr": 2.265753424657534,
      "linux_3yr": 1.4505327245053272,
      "windows_1yr": 4.473753424657534,
      "windows_3yr": 3.658532724505327
    },
    "Standard_D64s_v5": {
      "windows_payg": 7.84,
      "linux_payg": 4.896,
      "linux_1yr": 3.0210045662100455,
      "linux_3yr": 1.934056316590563,
      "windows_1yr": 5.9650045662100455,
      "windows_3yr": 4.878056316590563
    },
    "Standard_E4s_v5": {
      "windows_payg": 0.587,
      "linux_payg": 0.403,
      "linux_1yr": 0.24885844748858446,
      "linux_3yr": 0.15928462709284627,
      "windows_1yr": 0.4328584474885844,
      "windows_3yr": 0.34328462709284624
    },
    "Standard_E2s_v5": {
      "windows_payg": 0.294,
      "linux_payg": 0.202,
      "linux_1yr": 0.12442922374429223,
      "linux_3yr": 0.07964231354642314,
      "windows_1yr": 0.2164292237442922,
      "windows_3yr": 0.17164231354642312
    },
    "Standard_E64s_v5": {
      "linux_payg": 6.452,
      "windows_payg": 9.396,
      "linux_1yr": 3.9809360730593606,
      "linux_3yr": 2.5485920852359207,
      "windows_1yr": 6.924936073059362,
      "windows_3yr": 5.492592085235922
    },
    "Standard_E20s_v5": {
      "windows_payg": 2.936,
      "linux_payg": 2.016,
      "linux_1yr": 1.2440639269406393,
      "linux_3yr": 0.7964231354642314,
      "windows_1yr": 2.1640639269406394,
      "windows_3yr": 1.7164231354642312
    },
    "Standard_E32s_v5": {
      "linux_payg": 3.226,
      "windows_payg": 4.698,
      "linux_1yr": 1.9905251141552511,
      "linux_3yr": 1.2743150684931508,
      "windows_1yr": 3.4625251141552518,
      "windows_3yr": 2.746315068493151
    },
    "Standard_E16s_v5": {
      "windows_payg": 2.349,
      "linux_payg": 1.613,
      "linux_1yr": 0.9952054794520548,
      "linux_3yr": 0.6371385083713851,
      "windows_1yr": 1.731205479452055,
      "windows_3yr": 1.3731385083713854
    },
    "Standard_E48s_v5": {
      "linux_payg": 4.839,
      "windows_payg": 7.047,
      "linux_1yr": 2.9857305936073057,
      "linux_3yr": 1.9114535768645358,
      "windows_1yr": 5.193730593607305,
      "windows_3yr": 4.119453576864535
    },
    "Standard_E96s_v5": {
      "windows_payg": 14.094,
      "linux_payg": 9.678,
      "linux_1yr": 5.9714611872146115,
      "linux_3yr": 3.8229071537290715,
      "windows_1yr": 10.38746118721461,
      "windows_3yr": 8.23890715372907
    },
    "Standard_E8s_v5": {
      "windows_payg": 1.175,
      "linux_payg": 0.807,
      "linux_1yr": 0.4976027397260274,
      "linux_3yr": 0.31856925418569254,
      "windows_1yr": 0.8656027397260274,
      "windows_3yr": 0.6865692541856925
    }
  },
  "disk_prices": {
    "premium-ssd": {
      "P3": 0.206,
      "P70": 187.9,
      "P10": 1.562,
      "P30": 11.274,
      "P80": 375.8,
      "P4": 0.446,
      "P50": 43.844,
      "P20": 5.637,
      "P1": 0.0515,
      "Burst Enablement": 42.172,
      "Snapshots": 0.187,
      "P40": 22.548,
      "Burst Transactions": 0.00858,
      "P15": 3.132,
      "P6": 0.807,
      "P60": 87.688,
      "P2": 0.103,
      "Confidential Compute Encryption": 3.9e-05
    },
    "standard-ssd": {
      "E50": 0.002,
      "E10": 0.002,
      "E30": 0.002,
      "E2": 0.103,
      "E70": 0.002,
      "E15": 0.002,
      "E1": 0.0516,
      "E40": 0.002,
      "E6": 0.002,
      "Disk Transactions": 0.00372,
      "E60": 0.002,
      "Confidential Compute Encryption": 2.7e-05,
      "E80": 0.002,
      "E4": 0.002,
      "E20": 0.002,
      "E3": 0.206,
      "Snapshots": 0.187
    },
    "standard-hdd": {
      "S80": 0.0005,
      "S20": 0.0005,
      "Standard HDD Managed Disks - Confidential Compute Encryption": 1.4e-05,
      "Disk Transactions": 0.00093,
      "S4": 0.0005,
      "S6": 0.0005,
      "S30": 0.0005,
      "S60": 0.0005,
      "S15": 0.0005,
      "S10": 0.0005,
      "S50": 0.0005,
      "S40": 0.0005,
      "S70": 0.0005,
      "Snapshots": 0.065
    }
  }
}