{
  "fetched_at": "2026-06-03T16:25:00.413003+00:00",
  "region": "canadaeast",
  "currency": "USD",
  "vm_prices": {
    "Standard_D16s_v5": {
      "linux_payg": 0.856,
      "windows_payg": 1.592,
      "linux_1yr": 0.5281963470319635,
      "linux_3yr": 0.33812785388127853,
      "windows_1yr": 1.2641963470319637,
      "windows_3yr": 1.0741278538812786
    },
    "Standard_D4s_v5": {
      "linux_payg": 0.214,
      "windows_payg": 0.398,
      "linux_1yr": 0.13207762557077626,
      "linux_3yr": 0.08451293759512937,
      "windows_1yr": 0.3160776255707763,
      "windows_3yr": 0.2685129375951294
    },
    "Standard_D48s_v5": {
      "linux_payg": 2.568,
      "windows_payg": 4.776,
      "linux_1yr": 1.5844748858447488,
      "linux_3yr": 1.014345509893455,
      "windows_1yr": 3.7924748858447486,
      "windows_3yr": 3.222345509893455
    },
    "Standard_D96s_v5": {
      "linux_payg": 5.136,
      "windows_payg": 9.552,
      "linux_1yr": 3.1689497716894977,
      "linux_3yr": 2.0287290715372905,
      "windows_1yr": 7.584949771689497,
      "windows_3yr": 6.4447290715372905
    },
    "Standard_D8s_v5": {
      "windows_payg": 0.796,
      "linux_payg": 0.428,
      "linux_1yr": 0.26404109589041097,
      "linux_3yr": 0.16906392694063926,
      "windows_1yr": 0.632041095890411,
      "windows_3yr": 0.5370639269406393
    },
    "Standard_D64s_v5": {
      "windows_payg": 6.368,
      "linux_payg": 3.424,
      "linux_1yr": 2.1125570776255707,
      "linux_3yr": 1.3524733637747337,
      "windows_1yr": 5.0565570776255715,
      "windows_3yr": 4.296473363774734
    },
    "Standard_D2s_v5": {
      "windows_payg": 0.199,
      "linux_payg": 0.107,
      "linux_1yr": 0.06598173515981735,
      "linux_3yr": 0.042275494672754946,
      "windows_1yr": 0.15798173515981737,
      "windows_3yr": 0.13427549467275496
    },
    "Standard_D32s_v5": {
      "windows_payg": 3.184,
      "linux_payg": 1.712,
      "linux_1yr": 1.0562785388127853,
      "linux_3yr": 0.6762557077625571,
      "windows_1yr": 2.5282785388127857,
      "windows_3yr": 2.1482557077625573
    },
    "Standard_E4s_v5": {
      "windows_payg": 0.46,
      "linux_payg": 0.276,
      "linux_1yr": 0.17031963470319636,
      "linux_3yr": 0.10901826484018265,
      "windows_1yr": 0.3543196347031964,
      "windows_3yr": 0.2930182648401827
    },
    "Standard_E96s_v5": {
      "linux_payg": 6.624,
      "windows_payg": 11.04,
      "linux_1yr": 4.086986301369863,
      "linux_3yr": 2.616476407914764,
      "windows_1yr": 8.502986301369862,
      "windows_3yr": 7.032476407914764
    },
    "Standard_E64s_v5": {
      "linux_payg": 4.416,
      "windows_payg": 7.36,
      "linux_1yr": 2.7246575342465755,
      "linux_3yr": 1.7443302891933028,
      "windows_1yr": 5.6686575342465755,
      "windows_3yr": 4.688330289193303
    },
    "Standard_E32s_v5": {
      "windows_payg": 3.68,
      "linux_payg": 2.208,
      "linux_1yr": 1.3623287671232878,
      "linux_3yr": 0.8721461187214612,
      "windows_1yr": 2.8343287671232877,
      "windows_3yr": 2.3441461187214614
    },
    "Standard_E2s_v5": {
      "windows_payg": 0.23,
      "linux_payg": 0.138,
      "linux_1yr": 0.08515981735159818,
      "linux_3yr": 0.054528158295281584,
      "windows_1yr": 0.1771598173515982,
      "windows_3yr": 0.1465281582952816
    },
    "Standard_E16s_v5": {
      "windows_payg": 1.84,
      "linux_payg": 1.104,
      "linux_1yr": 0.6811643835616439,
      "linux_3yr": 0.4360730593607306,
      "windows_1yr": 1.4171643835616439,
      "windows_3yr": 1.1720730593607307
    },
    "Standard_E8s_v5": {
      "windows_payg": 0.92,
      "linux_payg": 0.552,
      "linux_1yr": 0.3406392694063927,
      "linux_3yr": 0.2180365296803653,
      "windows_1yr": 0.7086392694063928,
      "windows_3yr": 0.5860365296803653
    },
    "Standard_E48s_v5": {
      "linux_payg": 3.312,
      "windows_payg": 5.52,
      "linux_1yr": 2.0434931506849314,
      "linux_3yr": 1.3082572298325723,
      "windows_1yr": 4.251493150684931,
      "windows_3yr": 3.516257229832572
    },
    "Standard_E20s_v5": {
      "windows_payg": 2.3,
      "linux_payg": 1.38,
      "linux_1yr": 0.8514840182648402,
      "linux_3yr": 0.5450913242009132,
      "windows_1yr": 1.7714840182648401,
      "windows_3yr": 1.4650913242009131
    }
  },
  "disk_prices": {
    "premium-ssd": {
      "P40": 15.768,
      "P50": 30.66,
      "P20": 3.942,
      "P15": 2.19,
      "P1": 0.036,
      "P2": 0.072,
      "P60": 61.32,
      "Confidential Compute Encryption": 3.3e-05,
      "P80": 262.8,
      "P30": 7.884,
      "Burst Enablement": 29.491,
      "P10": 1.092,
      "P4": 0.312,
      "P3": 0.144,
      "Burst Transactions": 0.006,
      "Snapshots": 0.132,
      "P70": 131.4,
      "P6": 0.564
    },
    "standard-ssd": {
      "E6": 0.002,
      "E20": 0.002,
      "E15": 0.002,
      "E10": 0.002,
      "E30": 0.002,
      "E70": 0.002,
      "Snapshots": 0.132,
      "E40": 0.002,
      "E60": 0.002,
      "E4": 0.002,
      "E2": 0.072,
      "Disk Transactions": 0.0024,
      "E50": 0.002,
      "E80": 0.002,
      "E1": 0.036,
      "Confidential Compute Encryption": 2.3e-05,
      "E3": 0.144
    },
    "standard-hdd": {
      "S4": 0.0005,
      "S50": 0.0005,
      "S20": 0.0005,
      "S15": 0.0005,
      "S40": 0.0005,
      "S60": 0.0005,
      "S10": 0.0005,
      "S6": 0.0005,
      "S30": 0.0005,
      "S70": 0.0005,
      "S80": 0.0005,
      "Standard HDD Managed Disks - Confidential Compute Encryption": 1.1e-05,
      "Snapshots": 0.055,
      "Disk Transactions": 0.0006
    }
  }
}