{
  "fetched_at": "2026-06-03T16:26:28.299007+00:00",
  "region": "westindia",
  "currency": "USD",
  "vm_prices": {
    "Standard_D64s_v5": {
      "linux_payg": 3.932,
      "windows_payg": 6.876,
      "linux_1yr": 2.3199771689497717,
      "linux_3yr": 1.4549086757990868,
      "windows_1yr": 5.263977168949772,
      "windows_3yr": 4.398908675799087
    },
    "Standard_D8s_v5": {
      "windows_payg": 0.86,
      "linux_payg": 0.492,
      "linux_1yr": 0.2899543378995434,
      "linux_3yr": 0.18184931506849314,
      "windows_1yr": 0.6579543378995434,
      "windows_3yr": 0.5498493150684931
    },
    "Standard_D4s_v5": {
      "windows_payg": 0.43,
      "linux_payg": 0.246,
      "linux_1yr": 0.1449771689497717,
      "linux_3yr": 0.09094368340943683,
      "windows_1yr": 0.3289771689497717,
      "windows_3yr": 0.2749436834094368
    },
    "Standard_D96s_v5": {
      "windows_payg": 10.314,
      "linux_payg": 5.898,
      "linux_1yr": 3.479908675799087,
      "linux_3yr": 2.18234398782344,
      "windows_1yr": 7.895908675799087,
      "windows_3yr": 6.598343987823441
    },
    "Standard_D16s_v5": {
      "linux_payg": 0.983,
      "windows_payg": 1.719,
      "linux_1yr": 0.5800228310502283,
      "linux_3yr": 0.3637366818873668,
      "windows_1yr": 1.3160228310502284,
      "windows_3yr": 1.0997366818873668
    },
    "Standard_D2s_v5": {
      "windows_payg": 0.215,
      "linux_payg": 0.123,
      "linux_1yr": 0.07248858447488585,
      "linux_3yr": 0.045471841704718415,
      "windows_1yr": 0.16448858447488585,
      "windows_3yr": 0.1374718417047184
    },
    "Standard_D32s_v5": {
      "windows_payg": 3.438,
      "linux_payg": 1.966,
      "linux_1yr": 1.159931506849315,
      "linux_3yr": 0.7274353120243531,
      "windows_1yr": 2.631931506849315,
      "windows_3yr": 2.1994353120243533
    },
    "Standard_D48s_v5": {
      "windows_payg": 5.157,
      "linux_payg": 2.949,
      "linux_1yr": 1.7399543378995435,
      "linux_3yr": 1.09117199391172,
      "windows_1yr": 3.9479543378995436,
      "windows_3yr": 3.2991719939117203
    },
    "Standard_E4s_v5": {
      "linux_payg": 0.323,
      "windows_payg": 0.507,
      "linux_1yr": 0.19029680365296803,
      "linux_3yr": 0.1193302891933029,
      "windows_1yr": 0.374296803652968,
      "windows_3yr": 0.3033302891933029
    },
    "Standard_E16s_v5": {
      "linux_payg": 1.29,
      "windows_payg": 2.026,
      "linux_1yr": 0.7611872146118721,
      "linux_3yr": 0.4773972602739726,
      "windows_1yr": 1.4971872146118719,
      "windows_3yr": 1.2133972602739724
    },
    "Standard_E32s_v5": {
      "windows_payg": 4.052,
      "linux_payg": 2.58,
      "linux_1yr": 1.5224885844748859,
      "linux_3yr": 0.9547945205479452,
      "windows_1yr": 2.9944885844748854,
      "windows_3yr": 2.426794520547945
    },
    "Standard_E8s_v5": {
      "linux_payg": 0.645,
      "windows_payg": 1.013,
      "linux_1yr": 0.38059360730593605,
      "linux_3yr": 0.2386986301369863,
      "windows_1yr": 0.7485936073059359,
      "windows_3yr": 0.6066986301369862
    },
    "Standard_E96s_v5": {
      "linux_payg": 7.741,
      "windows_payg": 12.157,
      "linux_1yr": 4.567465753424657,
      "linux_3yr": 2.864345509893455,
      "windows_1yr": 8.983465753424657,
      "windows_3yr": 7.280345509893456
    },
    "Standard_E2s_v5": {
      "linux_payg": 0.161,
      "windows_payg": 0.253,
      "linux_1yr": 0.09520547945205479,
      "linux_3yr": 0.05966514459665145,
      "windows_1yr": 0.1872054794520548,
      "windows_3yr": 0.15166514459665145
    },
    "Standard_E20s_v5": {
      "windows_payg": 2.533,
      "linux_payg": 1.613,
      "linux_1yr": 0.9515981735159817,
      "linux_3yr": 0.5967275494672755,
      "windows_1yr": 1.8715981735159817,
      "windows_3yr": 1.5167275494672754
    },
    "Standard_E48s_v5": {
      "windows_payg": 6.079,
      "linux_payg": 3.871,
      "linux_1yr": 2.2836757990867578,
      "linux_3yr": 1.4321537290715374,
      "windows_1yr": 4.4916757990867575,
      "windows_3yr": 3.640153729071537
    },
    "Standard_E64s_v5": {
      "windows_payg": 8.105,
      "linux_payg": 5.161,
      "linux_1yr": 3.0449771689497718,
      "linux_3yr": 1.9095509893455098,
      "windows_1yr": 5.988977168949773,
      "windows_3yr": 4.853550989345511
    }
  },
  "disk_prices": {
    "premium-ssd": {
      "P40": 18.133,
      "P15": 2.518,
      "Confidential Compute Encryption": 3.8e-05,
      "P10": 1.256,
      "P6": 0.649,
      "P60": 70.518,
      "P2": 0.0828,
      "P20": 4.533,
      "P50": 35.259,
      "P80": 302.22,
      "P3": 0.166,
      "P1": 0.0414,
      "P30": 9.067,
      "P70": 151.11,
      "P4": 0.359,
      "Snapshots": 0.132,
      "Burst Transactions": 0.0069,
      "Burst Enablement": 33.915
    },
    "standard-ssd": {
      "E30": 0.002,
      "E50": 0.002,
      "E80": 0.002,
      "E70": 0.002,
      "E15": 0.002,
      "E4": 0.002,
      "E10": 0.002,
      "Confidential Compute Encryption": 2.3e-05,
      "E3": 0.166,
      "Snapshots": 0.132,
      "E1": 0.0414,
      "E6": 0.002,
      "E60": 0.002,
      "E20": 0.002,
      "E2": 0.0828,
      "E40": 0.002,
      "Disk Transactions": 0.00276
    },
    "standard-hdd": {
      "S4": 0.0005,
      "S15": 0.0005,
      "S10": 0.0005,
      "S40": 0.0005,
      "S30": 0.0005,
      "S50": 0.0005,
      "S80": 0.0005,
      "S60": 0.0005,
      "Snapshots": 0.05,
      "Disk Transactions": 0.00069,
      "S70": 0.0005,
      "S20": 0.0005,
      "Standard HDD Managed Disks - Confidential Compute Encryption": 1.2e-05,
      "S6": 0.0005
    }
  }
}