{
  "fetched_at": "2026-06-03T16:26:06.337772+00:00",
  "region": "southeastasia",
  "currency": "USD",
  "vm_prices": {
    "Standard_D2s_v5": {
      "windows_payg": 0.212,
      "linux_payg": 0.12,
      "linux_1yr": 0.07408675799086759,
      "linux_3yr": 0.04741248097412481,
      "windows_1yr": 0.16608675799086758,
      "windows_3yr": 0.13941248097412481
    },
    "Standard_D4s_v5": {
      "windows_payg": 0.424,
      "linux_payg": 0.24,
      "linux_1yr": 0.14805936073059361,
      "linux_3yr": 0.0947869101978691,
      "windows_1yr": 0.3320593607305936,
      "windows_3yr": 0.2787869101978691
    },
    "Standard_D96s_v5": {
      "linux_payg": 5.76,
      "windows_payg": 10.176,
      "linux_1yr": 3.553881278538813,
      "linux_3yr": 2.2751902587519024,
      "windows_1yr": 7.969881278538813,
      "windows_3yr": 6.691190258751902
    },
    "Standard_D32s_v5": {
      "linux_payg": 1.92,
      "windows_payg": 3.392,
      "linux_1yr": 1.1845890410958904,
      "linux_3yr": 0.7584094368340943,
      "windows_1yr": 2.6565890410958906,
      "windows_3yr": 2.230409436834094
    },
    "Standard_D8s_v5": {
      "windows_payg": 0.848,
      "linux_payg": 0.48,
      "linux_1yr": 0.29611872146118723,
      "linux_3yr": 0.18961187214611872,
      "windows_1yr": 0.6641187214611872,
      "windows_3yr": 0.5576118721461187
    },
    "Standard_D64s_v5": {
      "linux_payg": 3.84,
      "windows_payg": 6.784,
      "linux_1yr": 2.3692922374429224,
      "linux_3yr": 1.5168188736681887,
      "windows_1yr": 5.313292237442923,
      "windows_3yr": 4.460818873668188
    },
    "Standard_D16s_v5": {
      "windows_payg": 1.696,
      "linux_payg": 0.96,
      "linux_1yr": 0.592351598173516,
      "linux_3yr": 0.3791856925418569,
      "windows_1yr": 1.3283515981735161,
      "windows_3yr": 1.1151856925418568
    },
    "Standard_D48s_v5": {
      "linux_payg": 2.88,
      "windows_payg": 5.088,
      "linux_1yr": 1.7769406392694065,
      "linux_3yr": 1.1375951293759512,
      "windows_1yr": 3.9849406392694067,
      "windows_3yr": 3.345595129375951
    },
    "Standard_E48s_v5": {
      "windows_payg": 5.856,
      "linux_payg": 3.648,
      "linux_1yr": 2.250799086757991,
      "linux_3yr": 1.440943683409437,
      "windows_1yr": 4.45879908675799,
      "windows_3yr": 3.6489436834094366
    },
    "Standard_E20s_v5": {
      "linux_payg": 1.52,
      "windows_payg": 2.44,
      "linux_1yr": 0.9377853881278538,
      "linux_3yr": 0.6004185692541857,
      "windows_1yr": 1.8577853881278537,
      "windows_3yr": 1.5204185692541856
    },
    "Standard_E8s_v5": {
      "windows_payg": 0.976,
      "linux_payg": 0.608,
      "linux_1yr": 0.37511415525114156,
      "linux_3yr": 0.24014459665144597,
      "windows_1yr": 0.7431141552511416,
      "windows_3yr": 0.6081445966514459
    },
    "Standard_E32s_v5": {
      "windows_payg": 3.904,
      "linux_payg": 2.432,
      "linux_1yr": 1.5005707762557077,
      "linux_3yr": 0.9606544901065449,
      "windows_1yr": 2.972570776255708,
      "windows_3yr": 2.432654490106545
    },
    "Standard_E16s_v5": {
      "windows_payg": 1.952,
      "linux_payg": 1.216,
      "linux_1yr": 0.7502283105022831,
      "linux_3yr": 0.48032724505327246,
      "windows_1yr": 1.486228310502283,
      "windows_3yr": 1.2163272450532725
    },
    "Standard_E96s_v5": {
      "linux_payg": 7.296,
      "windows_payg": 11.712,
      "linux_1yr": 4.501598173515982,
      "linux_3yr": 2.881925418569254,
      "windows_1yr": 8.91759817351598,
      "windows_3yr": 7.297925418569253
    },
    "Standard_E64s_v5": {
      "windows_payg": 7.808,
      "linux_payg": 4.864,
      "linux_1yr": 3.0011415525114153,
      "linux_3yr": 1.9212709284627092,
      "windows_1yr": 5.945141552511416,
      "windows_3yr": 4.865270928462709
    },
    "Standard_E2s_v5": {
      "windows_payg": 0.244,
      "linux_payg": 0.152,
      "linux_1yr": 0.09383561643835617,
      "linux_3yr": 0.06004566210045662,
      "windows_1yr": 0.18583561643835617,
      "windows_3yr": 0.1520456621004566
    },
    "Standard_E4s_v5": {
      "linux_payg": 0.304,
      "windows_payg": 0.488,
      "linux_1yr": 0.18755707762557078,
      "linux_3yr": 0.12009132420091324,
      "windows_1yr": 0.3715570776255708,
      "windows_3yr": 0.3040913242009132
    }
  },
  "disk_prices": {
    "premium-ssd": {
      "P2": 0.078,
      "P10": 1.183,
      "P20": 4.27,
      "Snapshots": 0.132,
      "P15": 2.372,
      "P3": 0.156,
      "P80": 284.69,
      "P40": 17.081,
      "P50": 33.095,
      "Confidential Compute Encryption": 2.7e-05,
      "P6": 0.611,
      "P4": 0.338,
      "P30": 8.541,
      "P70": 142.34,
      "P60": 66.19,
      "P1": 0.039,
      "Burst Transactions": 0.0065,
      "Burst Enablement": 31.949
    },
    "standard-ssd": {
      "E2": 0.078,
      "E1": 0.039,
      "E40": 0.002,
      "E6": 0.002,
      "E20": 0.002,
      "E10": 0.002,
      "E80": 0.002,
      "E50": 0.002,
      "E3": 0.156,
      "Confidential Compute Encryption": 2.1e-05,
      "E15": 0.002,
      "E30": 0.002,
      "E4": 0.002,
      "E60": 0.002,
      "E70": 0.002,
      "Disk Transactions": 0.0028,
      "Snapshots": 0.132
    },
    "standard-hdd": {
      "S80": 0.0005,
      "S50": 0.0005,
      "S10": 0.0005,
      "S30": 0.0005,
      "Standard HDD Managed Disks - Confidential Compute Encryption": 1.1e-05,
      "Snapshots": 0.05,
      "S70": 0.0005,
      "S20": 0.0005,
      "S4": 0.0005,
      "S60": 0.0005,
      "S6": 0.0005,
      "S15": 0.0005,
      "S40": 0.0005,
      "Disk Transactions": 0.00065
    }
  }
}