{
  "fetched_at": "2026-06-03T16:24:44.685143+00:00",
  "region": "southcentralus",
  "currency": "USD",
  "vm_prices": {
    "Standard_D8s_v5": {
      "linux_payg": 0.461,
      "windows_payg": 0.829,
      "linux_1yr": 0.2843607305936073,
      "linux_3yr": 0.18200152207001521,
      "windows_1yr": 0.6523607305936072,
      "windows_3yr": 0.5500015220700152
    },
    "Standard_D16s_v5": {
      "windows_payg": 1.658,
      "linux_payg": 0.922,
      "linux_1yr": 0.568607305936073,
      "linux_3yr": 0.36404109589041095,
      "windows_1yr": 1.3046073059360728,
      "windows_3yr": 1.1000410958904108
    },
    "Standard_D48s_v5": {
      "linux_payg": 2.765,
      "windows_payg": 4.973,
      "linux_1yr": 1.7059360730593607,
      "linux_3yr": 1.0920852359208524,
      "windows_1yr": 3.9139360730593604,
      "windows_3yr": 3.300085235920852
    },
    "Standard_D32s_v5": {
      "windows_payg": 3.315,
      "linux_payg": 1.843,
      "linux_1yr": 1.137214611872146,
      "linux_3yr": 0.7280821917808219,
      "windows_1yr": 2.609214611872146,
      "windows_3yr": 2.200082191780822
    },
    "Standard_D64s_v5": {
      "windows_payg": 6.63,
      "linux_payg": 3.686,
      "linux_1yr": 2.2745433789954337,
      "linux_3yr": 1.4561263318112634,
      "windows_1yr": 5.218543378995434,
      "windows_3yr": 4.400126331811263
    },
    "Standard_D96s_v5": {
      "linux_payg": 5.53,
      "windows_payg": 9.946,
      "linux_1yr": 3.4117579908675797,
      "linux_3yr": 2.184208523592085,
      "windows_1yr": 7.827757990867579,
      "windows_3yr": 6.600208523592085
    },
    "Standard_D4s_v5": {
      "linux_payg": 0.23,
      "windows_payg": 0.414,
      "linux_1yr": 0.1421232876712329,
      "linux_3yr": 0.09101978691019787,
      "windows_1yr": 0.3261232876712329,
      "windows_3yr": 0.27501978691019785
    },
    "Standard_D2s_v5": {
      "windows_payg": 0.207,
      "linux_payg": 0.115,
      "linux_1yr": 0.07111872146118721,
      "linux_3yr": 0.04550989345509893,
      "windows_1yr": 0.1631187214611872,
      "windows_3yr": 0.13750989345509892
    },
    "Standard_E64s_v5": {
      "windows_payg": 7.782,
      "linux_payg": 4.838,
      "linux_1yr": 2.9852739726027395,
      "linux_3yr": 1.9111491628614916,
      "windows_1yr": 5.92927397260274,
      "windows_3yr": 4.855149162861491
    },
    "Standard_E96s_v5": {
      "linux_payg": 7.258,
      "windows_payg": 11.674,
      "linux_1yr": 4.47796803652968,
      "linux_3yr": 2.8667427701674275,
      "windows_1yr": 8.89396803652968,
      "windows_3yr": 7.282742770167427
    },
    "Standard_E4s_v5": {
      "linux_payg": 0.302,
      "windows_payg": 0.486,
      "linux_1yr": 0.1865296803652968,
      "linux_3yr": 0.11944444444444445,
      "windows_1yr": 0.37052968036529677,
      "windows_3yr": 0.30344444444444446
    },
    "Standard_E20s_v5": {
      "linux_payg": 1.512,
      "windows_payg": 2.432,
      "linux_1yr": 0.9328767123287671,
      "linux_3yr": 0.5972222222222222,
      "windows_1yr": 1.852876712328767,
      "windows_3yr": 1.5172222222222222
    },
    "Standard_E8s_v5": {
      "windows_payg": 0.973,
      "linux_payg": 0.605,
      "linux_1yr": 0.37317351598173515,
      "linux_3yr": 0.2388888888888889,
      "windows_1yr": 0.7411735159817352,
      "windows_3yr": 0.6068888888888889
    },
    "Standard_E32s_v5": {
      "windows_payg": 3.891,
      "linux_payg": 2.419,
      "linux_1yr": 1.4926940639269406,
      "linux_3yr": 0.9555936073059361,
      "windows_1yr": 2.964694063926941,
      "windows_3yr": 2.427593607305936
    },
    "Standard_E48s_v5": {
      "linux_payg": 3.629,
      "windows_payg": 5.837,
      "linux_1yr": 2.2389269406392693,
      "linux_3yr": 1.4333713850837138,
      "windows_1yr": 4.446926940639269,
      "windows_3yr": 3.6413713850837137
    },
    "Standard_E2s_v5": {
      "windows_payg": 0.243,
      "linux_payg": 0.151,
      "linux_1yr": 0.0932648401826484,
      "linux_3yr": 0.05974124809741248,
      "windows_1yr": 0.18526484018264838,
      "windows_3yr": 0.15174124809741246
    },
    "Standard_E16s_v5": {
      "linux_payg": 1.21,
      "windows_payg": 1.946,
      "linux_1yr": 0.7463470319634703,
      "linux_3yr": 0.4777777777777778,
      "windows_1yr": 1.4823470319634704,
      "windows_3yr": 1.2137777777777778
    }
  },
  "disk_prices": {
    "premium-ssd": {
      "P30": 7.884,
      "P50": 30.55,
      "P10": 1.092,
      "P1": 0.036,
      "Confidential Compute Encryption": 2.5e-05,
      "P20": 3.942,
      "P6": 0.564,
      "Burst Transactions": 0.006,
      "Snapshots": 0.12,
      "P70": 131.4,
      "P40": 15.768,
      "P3": 0.144,
      "P60": 61.101,
      "P15": 2.19,
      "P2": 0.072,
      "P80": 262.8,
      "P4": 0.312,
      "Burst Enablement": 29.491
    },
    "standard-ssd": {
      "E3": 0.144,
      "E20": 0.002,
      "E50": 0.002,
      "E4": 0.002,
      "E2": 0.072,
      "E30": 0.002,
      "E80": 0.002,
      "E60": 0.002,
      "Disk Transactions": 0.0024,
      "E15": 0.002,
      "E6": 0.002,
      "E70": 0.002,
      "E10": 0.002,
      "E1": 0.036,
      "E40": 0.002,
      "Snapshots": 0.12,
      "Confidential Compute Encryption": 2.1e-05
    },
    "standard-hdd": {
      "S10": 0.0005,
      "S15": 0.0005,
      "S50": 0.0005,
      "S60": 0.0005,
      "Snapshots": 0.05,
      "S4": 0.0005,
      "Standard HDD Managed Disks - Confidential Compute Encryption": 1.1e-05,
      "S30": 0.0005,
      "S70": 0.0005,
      "S80": 0.0005,
      "S6": 0.0005,
      "S20": 0.0005,
      "Disk Transactions": 0.0006,
      "S40": 0.0005
    }
  }
}