{
  "fetched_at": "2026-06-03T16:26:45.075974+00:00",
  "region": "uaenorth",
  "currency": "USD",
  "vm_prices": {
    "Standard_D32s_v5": {
      "linux_payg": 1.883,
      "windows_payg": 3.355,
      "linux_1yr": 1.161986301369863,
      "linux_3yr": 0.7438736681887367,
      "windows_1yr": 2.633986301369863,
      "windows_3yr": 2.2158736681887365
    },
    "Standard_D4s_v5": {
      "windows_payg": 0.419,
      "linux_payg": 0.235,
      "linux_1yr": 0.14520547945205478,
      "linux_3yr": 0.09299847792998478,
      "windows_1yr": 0.3292054794520548,
      "windows_3yr": 0.2769984779299848
    },
    "Standard_D8s_v5": {
      "linux_payg": 0.471,
      "windows_payg": 0.839,
      "linux_1yr": 0.2905251141552511,
      "linux_3yr": 0.18595890410958904,
      "windows_1yr": 0.6585251141552511,
      "windows_3yr": 0.553958904109589
    },
    "Standard_D48s_v5": {
      "windows_payg": 5.033,
      "linux_payg": 2.825,
      "linux_1yr": 1.7429223744292237,
      "linux_3yr": 1.1157914764079149,
      "windows_1yr": 3.950922374429224,
      "windows_3yr": 3.323791476407915
    },
    "Standard_D96s_v5": {
      "windows_payg": 10.066,
      "linux_payg": 5.65,
      "linux_1yr": 3.4858447488584474,
      "linux_3yr": 2.2315829528158297,
      "windows_1yr": 7.901844748858448,
      "windows_3yr": 6.64758295281583
    },
    "Standard_D2s_v5": {
      "windows_payg": 0.21,
      "linux_payg": 0.118,
      "linux_1yr": 0.07260273972602739,
      "linux_3yr": 0.04649923896499239,
      "windows_1yr": 0.1646027397260274,
      "windows_3yr": 0.1384992389649924
    },
    "Standard_D16s_v5": {
      "linux_payg": 0.942,
      "windows_payg": 1.678,
      "linux_1yr": 0.5809360730593607,
      "linux_3yr": 0.3719178082191781,
      "windows_1yr": 1.3169360730593607,
      "windows_3yr": 1.107917808219178
    },
    "Standard_D64s_v5": {
      "windows_payg": 6.71,
      "linux_payg": 3.766,
      "linux_1yr": 2.3238584474885844,
      "linux_3yr": 1.487709284627093,
      "windows_1yr": 5.267858447488584,
      "windows_3yr": 4.431709284627093
    },
    "Standard_E4s_v5": {
      "linux_payg": 0.31,
      "windows_payg": 0.494,
      "linux_1yr": 0.19143835616438357,
      "linux_3yr": 0.12252663622526636,
      "windows_1yr": 0.3754383561643836,
      "windows_3yr": 0.3065266362252663
    },
    "Standard_E20s_v5": {
      "windows_payg": 2.471,
      "linux_payg": 1.551,
      "linux_1yr": 0.9569634703196347,
      "linux_3yr": 0.6126331811263318,
      "windows_1yr": 1.8769634703196347,
      "windows_3yr": 1.5326331811263318
    },
    "Standard_E64s_v5": {
      "linux_payg": 4.963,
      "windows_payg": 7.907,
      "linux_1yr": 3.0623287671232875,
      "linux_3yr": 1.9604642313546423,
      "windows_1yr": 6.0063287671232874,
      "windows_3yr": 4.904464231354642
    },
    "Standard_E48s_v5": {
      "windows_payg": 5.93,
      "linux_payg": 3.722,
      "linux_1yr": 2.296689497716895,
      "linux_3yr": 1.4703576864535768,
      "windows_1yr": 4.504689497716894,
      "windows_3yr": 3.6783576864535767
    },
    "Standard_E32s_v5": {
      "windows_payg": 3.954,
      "linux_payg": 2.482,
      "linux_1yr": 1.5311643835616437,
      "linux_3yr": 0.9802130898021308,
      "windows_1yr": 3.0031643835616437,
      "windows_3yr": 2.4522130898021306
    },
    "Standard_E2s_v5": {
      "linux_payg": 0.155,
      "windows_payg": 0.247,
      "linux_1yr": 0.095662100456621,
      "linux_3yr": 0.06126331811263318,
      "windows_1yr": 0.18766210045662102,
      "windows_3yr": 0.15326331811263316
    },
    "Standard_E8s_v5": {
      "windows_payg": 0.988,
      "linux_payg": 0.62,
      "linux_1yr": 0.3827625570776256,
      "linux_3yr": 0.2450532724505327,
      "windows_1yr": 0.7507625570776255,
      "windows_3yr": 0.6130532724505326
    },
    "Standard_E16s_v5": {
      "windows_payg": 1.977,
      "linux_payg": 1.241,
      "linux_1yr": 0.7655251141552512,
      "linux_3yr": 0.4901065449010654,
      "windows_1yr": 1.501525114155251,
      "windows_3yr": 1.2261065449010653
    },
    "Standard_E96s_v5": {
      "linux_payg": 7.445,
      "windows_payg": 11.861,
      "linux_1yr": 4.593493150684932,
      "linux_3yr": 2.940677321156773,
      "windows_1yr": 9.009493150684932,
      "windows_3yr": 7.3566773211567735
    }
  },
  "disk_prices": {
    "premium-ssd": {
      "P70": 144.54,
      "P1": 0.0396,
      "P4": 0.343,
      "P50": 33.726,
      "P3": 0.158,
      "P80": 289.08,
      "P6": 0.62,
      "P30": 8.672,
      "P15": 2.409,
      "P2": 0.0792,
      "Burst Transactions": 0.0066,
      "Confidential Compute Encryption": 3e-05,
      "P60": 67.452,
      "Snapshots": 0.05,
      "P20": 4.336,
      "P40": 17.345,
      "Burst Enablement": 32.44,
      "P10": 1.201
    },
    "standard-ssd": {
      "E40": 0.002,
      "E80": 0.002,
      "E50": 0.002,
      "E20": 0.002,
      "E30": 0.002,
      "Snapshots": 0.144,
      "E10": 0.002,
      "E3": 0.158,
      "E15": 0.002,
      "Confidential Compute Encryption": 2.5e-05,
      "E70": 0.002,
      "E6": 0.002,
      "E4": 0.002,
      "E1": 0.0396,
      "Disk Transactions": 0.00286,
      "E60": 0.002,
      "E2": 0.0792
    },
    "standard-hdd": {
      "S70": 0.0005,
      "S40": 0.0005,
      "S30": 0.0005,
      "Snapshots": 0.06,
      "S10": 0.0005,
      "S4": 0.0005,
      "S50": 0.0005,
      "S6": 0.0005,
      "S60": 0.0005,
      "S15": 0.0005,
      "S20": 0.0005,
      "Standard HDD Managed Disks - Confidential Compute Encryption": 1.1e-05,
      "Disk Transactions": 0.000715,
      "S80": 0.0005
    }
  }
}