{
  "fetched_at": "2026-06-03T16:25:26.700669+00:00",
  "region": "germanynorth",
  "currency": "USD",
  "vm_prices": {
    "Standard_D8s_v5": {
      "linux_payg": 0.598,
      "windows_payg": 0.966,
      "linux_1yr": 0.3689497716894977,
      "linux_3yr": 0.23622526636225266,
      "windows_1yr": 0.7369497716894977,
      "windows_3yr": 0.6042252663622527
    },
    "Standard_D48s_v5": {
      "linux_payg": 3.588,
      "windows_payg": 5.796,
      "linux_1yr": 2.2138127853881278,
      "linux_3yr": 1.417275494672755,
      "windows_1yr": 4.421812785388128,
      "windows_3yr": 3.6252754946727554
    },
    "Standard_D96s_v5": {
      "windows_payg": 11.592,
      "linux_payg": 7.176,
      "linux_1yr": 4.4276255707762555,
      "linux_3yr": 2.8345129375951292,
      "windows_1yr": 8.843625570776256,
      "windows_3yr": 7.250512937595129
    },
    "Standard_D32s_v5": {
      "windows_payg": 3.864,
      "linux_payg": 2.392,
      "linux_1yr": 1.4759132420091323,
      "linux_3yr": 0.9448249619482496,
      "windows_1yr": 2.9479132420091325,
      "windows_3yr": 2.4168249619482496
    },
    "Standard_D4s_v5": {
      "linux_payg": 0.299,
      "windows_payg": 0.483,
      "linux_1yr": 0.18447488584474886,
      "linux_3yr": 0.11811263318112633,
      "windows_1yr": 0.36847488584474886,
      "windows_3yr": 0.30211263318112636
    },
    "Standard_D2s_v5": {
      "linux_payg": 0.15,
      "windows_payg": 0.242,
      "linux_1yr": 0.09223744292237443,
      "linux_3yr": 0.059056316590563165,
      "windows_1yr": 0.18423744292237443,
      "windows_3yr": 0.15105631659056318
    },
    "Standard_D64s_v5": {
      "windows_payg": 7.728,
      "linux_payg": 4.784,
      "linux_1yr": 2.9517123287671234,
      "linux_3yr": 1.8896879756468798,
      "windows_1yr": 5.895712328767123,
      "windows_3yr": 4.83368797564688
    },
    "Standard_D16s_v5": {
      "linux_payg": 1.196,
      "windows_payg": 1.932,
      "linux_1yr": 0.7378995433789954,
      "linux_3yr": 0.4724124809741248,
      "windows_1yr": 1.4738995433789954,
      "windows_3yr": 1.2084124809741248
    },
    "Standard_E2s_v5": {
      "linux_payg": 0.198,
      "windows_payg": 0.29,
      "linux_1yr": 0.12191780821917808,
      "linux_3yr": 0.0780441400304414,
      "windows_1yr": 0.21391780821917805,
      "windows_3yr": 0.17004414003044138
    },
    "Standard_E8s_v5": {
      "linux_payg": 0.79,
      "windows_payg": 1.158,
      "linux_1yr": 0.4876712328767123,
      "linux_3yr": 0.3122146118721461,
      "windows_1yr": 0.8556712328767122,
      "windows_3yr": 0.6802146118721459
    },
    "Standard_E4s_v5": {
      "linux_payg": 0.395,
      "windows_payg": 0.579,
      "linux_1yr": 0.24383561643835616,
      "linux_3yr": 0.1560882800608828,
      "windows_1yr": 0.4278356164383561,
      "windows_3yr": 0.34008828006088276
    },
    "Standard_E48s_v5": {
      "windows_payg": 6.95,
      "linux_payg": 4.742,
      "linux_1yr": 2.926027397260274,
      "linux_3yr": 1.8732496194824961,
      "windows_1yr": 5.134027397260274,
      "windows_3yr": 4.081249619482496
    },
    "Standard_E64s_v5": {
      "windows_payg": 9.267,
      "linux_payg": 6.323,
      "linux_1yr": 3.9013698630136986,
      "linux_3yr": 2.4976788432267885,
      "windows_1yr": 6.845369863013698,
      "windows_3yr": 5.4416788432267875
    },
    "Standard_E96s_v5": {
      "windows_payg": 13.901,
      "linux_payg": 9.485,
      "linux_1yr": 5.8521689497716896,
      "linux_3yr": 3.7464992389649923,
      "windows_1yr": 10.26816894977169,
      "windows_3yr": 8.162499238964992
    },
    "Standard_E20s_v5": {
      "windows_payg": 2.896,
      "linux_payg": 1.976,
      "linux_1yr": 1.2191780821917808,
      "linux_3yr": 0.780517503805175,
      "windows_1yr": 2.1391780821917807,
      "windows_3yr": 1.700517503805175
    },
    "Standard_E32s_v5": {
      "linux_payg": 3.162,
      "windows_payg": 4.634,
      "linux_1yr": 1.9506849315068493,
      "linux_3yr": 1.248820395738204,
      "windows_1yr": 3.4226849315068497,
      "windows_3yr": 2.7208203957382047
    },
    "Standard_E16s_v5": {
      "linux_payg": 1.581,
      "windows_payg": 2.317,
      "linux_1yr": 0.9753424657534246,
      "linux_3yr": 0.6244292237442922,
      "windows_1yr": 1.7113424657534249,
      "windows_3yr": 1.3604292237442923
    }
  },
  "disk_prices": {
    "premium-ssd": {
      "P20": 5.552,
      "P3": 0.203,
      "P15": 3.084,
      "P10": 1.538,
      "P4": 0.439,
      "P1": 0.0507,
      "P30": 11.103,
      "P80": 370.11,
      "P70": 185.06,
      "P40": 22.207,
      "Burst Enablement": 41.533,
      "Snapshots": 0.189,
      "P50": 43.18,
      "Burst Transactions": 0.00845,
      "P6": 0.794,
      "P2": 0.101,
      "Confidential Compute Encryption": 4.6e-05,
      "P60": 86.359
    },
    "standard-ssd": {
      "E30": 0.002,
      "E50": 0.002,
      "E20": 0.002,
      "E4": 0.002,
      "E10": 0.002,
      "E60": 0.002,
      "E80": 0.002,
      "E40": 0.002,
      "E3": 0.203,
      "E6": 0.002,
      "E2": 0.101,
      "E15": 0.002,
      "E70": 0.002,
      "E1": 0.0507,
      "Confidential Compute Encryption": 3.2e-05,
      "Snapshots": 0.189,
      "Disk Transactions": 0.00338
    },
    "standard-hdd": {
      "S15": 0.0005,
      "S80": 0.0005,
      "S30": 0.0005,
      "S70": 0.0005,
      "S10": 0.0005,
      "S4": 0.0005,
      "S20": 0.0005,
      "Disk Transactions": 0.000845,
      "S50": 0.0005,
      "S6": 0.0005,
      "S60": 0.0005,
      "S40": 0.0005,
      "Snapshots": 0.065,
      "Standard HDD Managed Disks - Confidential Compute Encryption": 1.3e-05
    }
  }
}