{
  "fetched_at": "2026-06-03T16:25:30.250899+00:00",
  "region": "switzerlandnorth",
  "currency": "USD",
  "vm_prices": {
    "Standard_D4s_v5": {
      "windows_payg": 0.437,
      "linux_payg": 0.253,
      "linux_1yr": 0.15605022831050228,
      "linux_3yr": 0.09992389649923897,
      "windows_1yr": 0.34005022831050224,
      "windows_3yr": 0.283923896499239
    },
    "Standard_D64s_v5": {
      "linux_payg": 4.048,
      "windows_payg": 6.992,
      "linux_1yr": 2.497602739726027,
      "linux_3yr": 1.598972602739726,
      "windows_1yr": 5.441602739726028,
      "windows_3yr": 4.5429726027397255
    },
    "Standard_D48s_v5": {
      "windows_payg": 5.244,
      "linux_payg": 3.036,
      "linux_1yr": 1.873173515981735,
      "linux_3yr": 1.1992389649923896,
      "windows_1yr": 4.081173515981735,
      "windows_3yr": 3.4072389649923895
    },
    "Standard_D96s_v5": {
      "windows_payg": 10.488,
      "linux_payg": 6.072,
      "linux_1yr": 3.746461187214612,
      "linux_3yr": 2.3984398782343987,
      "windows_1yr": 8.16246118721461,
      "windows_3yr": 6.814439878234398
    },
    "Standard_D2s_v5": {
      "windows_payg": 0.219,
      "linux_payg": 0.127,
      "linux_1yr": 0.07808219178082192,
      "linux_3yr": 0.049961948249619484,
      "windows_1yr": 0.1700821917808219,
      "windows_3yr": 0.1419619482496195
    },
    "Standard_D32s_v5": {
      "linux_payg": 2.024,
      "windows_payg": 3.496,
      "linux_1yr": 1.2488584474885844,
      "linux_3yr": 0.7994672754946728,
      "windows_1yr": 2.7208584474885846,
      "windows_3yr": 2.2714672754946728
    },
    "Standard_D8s_v5": {
      "windows_payg": 0.874,
      "linux_payg": 0.506,
      "linux_1yr": 0.3122146118721461,
      "linux_3yr": 0.19988584474885845,
      "windows_1yr": 0.6802146118721462,
      "windows_3yr": 0.5678858447488584
    },
    "Standard_D16s_v5": {
      "windows_payg": 1.748,
      "linux_payg": 1.012,
      "linux_1yr": 0.6244292237442922,
      "linux_3yr": 0.3997336377473364,
      "windows_1yr": 1.3604292237442923,
      "windows_3yr": 1.1357336377473364
    },
    "Standard_E2s_v5": {
      "windows_payg": 0.259,
      "linux_payg": 0.167,
      "linux_1yr": 0.10308219178082192,
      "linux_3yr": 0.06598173515981735,
      "windows_1yr": 0.19508219178082192,
      "windows_3yr": 0.15798173515981734
    },
    "Standard_E8s_v5": {
      "windows_payg": 1.036,
      "linux_payg": 0.668,
      "linux_1yr": 0.4121004566210046,
      "linux_3yr": 0.2638508371385084,
      "windows_1yr": 0.7801004566210046,
      "windows_3yr": 0.6318508371385083
    },
    "Standard_E20s_v5": {
      "windows_payg": 2.59,
      "linux_payg": 1.67,
      "linux_1yr": 1.030365296803653,
      "linux_3yr": 0.6596651445966515,
      "windows_1yr": 1.950365296803653,
      "windows_3yr": 1.5796651445966514
    },
    "Standard_E16s_v5": {
      "linux_payg": 1.336,
      "windows_payg": 2.072,
      "linux_1yr": 0.8243150684931507,
      "linux_3yr": 0.5277016742770168,
      "windows_1yr": 1.5603150684931508,
      "windows_3yr": 1.2637016742770166
    },
    "Standard_E4s_v5": {
      "linux_payg": 0.334,
      "windows_payg": 0.518,
      "linux_1yr": 0.2060502283105023,
      "linux_3yr": 0.1319254185692542,
      "windows_1yr": 0.3900502283105023,
      "windows_3yr": 0.31592541856925416
    },
    "Standard_E32s_v5": {
      "windows_payg": 4.144,
      "linux_payg": 2.672,
      "linux_1yr": 1.6486301369863015,
      "linux_3yr": 1.055441400304414,
      "windows_1yr": 3.1206301369863017,
      "windows_3yr": 2.527441400304414
    },
    "Standard_E64s_v5": {
      "windows_payg": 8.288,
      "linux_payg": 5.344,
      "linux_1yr": 3.297260273972603,
      "linux_3yr": 2.110882800608828,
      "windows_1yr": 6.241260273972603,
      "windows_3yr": 5.054882800608828
    },
    "Standard_E96s_v5": {
      "linux_payg": 8.016,
      "windows_payg": 12.432,
      "linux_1yr": 4.945890410958904,
      "linux_3yr": 3.166324200913242,
      "windows_1yr": 9.361890410958903,
      "windows_3yr": 7.582324200913242
    },
    "Standard_E48s_v5": {
      "windows_payg": 6.216,
      "linux_payg": 4.008,
      "linux_1yr": 2.472945205479452,
      "linux_3yr": 1.5831430745814308,
      "windows_1yr": 4.680945205479452,
      "windows_3yr": 3.7911430745814307
    }
  },
  "disk_prices": {
    "premium-ssd": {
      "Burst Transactions": 0.0075,
      "P50": 36.405,
      "P20": 4.697,
      "P40": 18.79,
      "P80": 313.16,
      "P6": 0.672,
      "P3": 0.172,
      "P15": 2.6092,
      "P70": 156.58,
      "P10": 1.301,
      "P2": 0.0858,
      "Confidential Compute Encryption": 3.9e-05,
      "Burst Enablement": 36.864,
      "Snapshots": 0.05,
      "P30": 9.395,
      "P4": 0.372,
      "P60": 72.811,
      "P1": 0.0429
    },
    "standard-ssd": {
      "E80": 0.002,
      "E4": 0.002,
      "Snapshots": 0.174,
      "Confidential Compute Encryption": 3.1e-05,
      "E50": 0.002,
      "E40": 0.002,
      "E70": 0.002,
      "E3": 0.18,
      "E60": 0.002,
      "E20": 0.002,
      "E6": 0.002,
      "E2": 0.09,
      "E10": 0.002,
      "E15": 0.002,
      "E1": 0.045,
      "Disk Transactions": 0.00286,
      "E30": 0.002
    },
    "standard-hdd": {
      "S80": 0.0005,
      "S20": 0.0005,
      "S50": 0.0005,
      "S6": 0.0005,
      "S40": 0.0005,
      "S15": 0.0005,
      "S70": 0.0005,
      "Snapshots": 0.055,
      "S30": 0.0005,
      "S60": 0.0005,
      "S10": 0.0005,
      "S4": 0.0005,
      "Standard HDD Managed Disks - Confidential Compute Encryption": 1.2e-05,
      "Disk Transactions": 0.000725
    }
  }
}