{
  "fetched_at": "2026-06-03T16:25:08.335555+00:00",
  "region": "uksouth",
  "currency": "USD",
  "vm_prices": {
    "Standard_D64s_v5": {
      "linux_payg": 3.552,
      "windows_payg": 6.496,
      "linux_1yr": 2.191552511415525,
      "linux_3yr": 1.4030441400304414,
      "windows_1yr": 5.135552511415526,
      "windows_3yr": 4.347044140030442
    },
    "Standard_D2s_v5": {
      "windows_payg": 0.203,
      "linux_payg": 0.111,
      "linux_1yr": 0.0684931506849315,
      "linux_3yr": 0.043835616438356165,
      "windows_1yr": 0.16049315068493153,
      "windows_3yr": 0.13583561643835618
    },
    "Standard_D8s_v5": {
      "linux_payg": 0.444,
      "windows_payg": 0.812,
      "linux_1yr": 0.273972602739726,
      "linux_3yr": 0.17538051750380518,
      "windows_1yr": 0.6419726027397261,
      "windows_3yr": 0.5433805175038052
    },
    "Standard_D16s_v5": {
      "linux_payg": 0.888,
      "windows_payg": 1.624,
      "linux_1yr": 0.547945205479452,
      "linux_3yr": 0.35076103500761036,
      "windows_1yr": 1.2839452054794522,
      "windows_3yr": 1.0867610350076105
    },
    "Standard_D32s_v5": {
      "windows_payg": 3.248,
      "linux_payg": 1.776,
      "linux_1yr": 1.0957762557077626,
      "linux_3yr": 0.7015220700152207,
      "windows_1yr": 2.567776255707763,
      "windows_3yr": 2.173522070015221
    },
    "Standard_D48s_v5": {
      "windows_payg": 4.872,
      "linux_payg": 2.664,
      "linux_1yr": 1.6437214611872146,
      "linux_3yr": 1.052283105022831,
      "windows_1yr": 3.851721461187214,
      "windows_3yr": 3.2602831050228307
    },
    "Standard_D4s_v5": {
      "linux_payg": 0.222,
      "windows_payg": 0.406,
      "linux_1yr": 0.136986301369863,
      "linux_3yr": 0.08767123287671233,
      "windows_1yr": 0.32098630136986306,
      "windows_3yr": 0.27167123287671235
    },
    "Standard_D96s_v5": {
      "windows_payg": 9.744,
      "linux_payg": 5.328,
      "linux_1yr": 3.2873287671232876,
      "linux_3yr": 2.104566210045662,
      "windows_1yr": 7.703328767123287,
      "windows_3yr": 6.520566210045661
    },
    "Standard_E48s_v5": {
      "linux_payg": 3.552,
      "windows_payg": 5.76,
      "linux_1yr": 2.191552511415525,
      "linux_3yr": 1.4030441400304414,
      "windows_1yr": 4.399552511415525,
      "windows_3yr": 3.611044140030441
    },
    "Standard_E96s_v5": {
      "linux_payg": 7.104,
      "windows_payg": 11.52,
      "linux_1yr": 4.383219178082192,
      "linux_3yr": 2.806088280060883,
      "windows_1yr": 8.799219178082192,
      "windows_3yr": 7.222088280060882
    },
    "Standard_E20s_v5": {
      "linux_payg": 1.48,
      "windows_payg": 2.4,
      "linux_1yr": 0.9131278538812785,
      "linux_3yr": 0.5845890410958904,
      "windows_1yr": 1.8331278538812783,
      "windows_3yr": 1.5045890410958904
    },
    "Standard_E4s_v5": {
      "linux_payg": 0.296,
      "windows_payg": 0.48,
      "linux_1yr": 0.182648401826484,
      "linux_3yr": 0.11693302891933029,
      "windows_1yr": 0.366648401826484,
      "windows_3yr": 0.30093302891933027
    },
    "Standard_E32s_v5": {
      "linux_payg": 2.368,
      "windows_payg": 3.84,
      "linux_1yr": 1.4610730593607306,
      "linux_3yr": 0.9353500761035007,
      "windows_1yr": 2.933073059360731,
      "windows_3yr": 2.4073500761035005
    },
    "Standard_E16s_v5": {
      "linux_payg": 1.184,
      "windows_payg": 1.92,
      "linux_1yr": 0.7304794520547945,
      "linux_3yr": 0.46769406392694063,
      "windows_1yr": 1.4664794520547946,
      "windows_3yr": 1.2036940639269407
    },
    "Standard_E2s_v5": {
      "linux_payg": 0.148,
      "windows_payg": 0.24,
      "linux_1yr": 0.091324200913242,
      "linux_3yr": 0.058447488584474884,
      "windows_1yr": 0.183324200913242,
      "windows_3yr": 0.15044748858447488
    },
    "Standard_E8s_v5": {
      "windows_payg": 0.96,
      "linux_payg": 0.592,
      "linux_1yr": 0.365296803652968,
      "linux_3yr": 0.23382800608828005,
      "windows_1yr": 0.733296803652968,
      "windows_3yr": 0.60182800608828
    },
    "Standard_E64s_v5": {
      "linux_payg": 4.736,
      "windows_payg": 7.68,
      "linux_1yr": 2.9221461187214612,
      "linux_3yr": 1.870738203957382,
      "windows_1yr": 5.866146118721462,
      "windows_3yr": 4.814738203957382
    }
  },
  "disk_prices": {
    "premium-ssd": {
      "Burst Transactions": 0.00625,
      "P4": 0.325,
      "P2": 0.075,
      "P10": 1.137,
      "P50": 31.823,
      "P70": 136.87,
      "P6": 0.587,
      "P60": 63.645,
      "P30": 8.212,
      "P20": 4.106,
      "P3": 0.15,
      "P15": 2.281,
      "P1": 0.0375,
      "Burst Enablement": 30.72,
      "P40": 16.425,
      "P80": 273.74,
      "Snapshots": 0.16,
      "Confidential Compute Encryption": 3.3e-05
    },
    "standard-ssd": {
      "E10": 0.002,
      "E15": 0.002,
      "E20": 0.002,
      "E40": 0.002,
      "E60": 0.002,
      "Confidential Compute Encryption": 2.3e-05,
      "E6": 0.002,
      "E2": 0.075,
      "E1": 0.0375,
      "E50": 0.002,
      "E3": 0.15,
      "E80": 0.002,
      "E30": 0.002,
      "E70": 0.002,
      "Snapshots": 0.16,
      "E4": 0.002,
      "Disk Transactions": 0.0025
    },
    "standard-hdd": {
      "S6": 0.0005,
      "S30": 0.0005,
      "S15": 0.0005,
      "Standard HDD Managed Disks - Confidential Compute Encryption": 1e-05,
      "S10": 0.0005,
      "S20": 0.0005,
      "S40": 0.0005,
      "S70": 0.0005,
      "Disk Transactions": 0.000625,
      "S50": 0.0005,
      "S4": 0.0005,
      "Snapshots": 0.053,
      "S80": 0.0005,
      "S60": 0.0005
    }
  }
}