{
  "fetched_at": "2026-06-03T16:24:48.321622+00:00",
  "region": "northcentralus",
  "currency": "USD",
  "vm_prices": {
    "Standard_D64s_v5": {
      "linux_payg": 3.072,
      "windows_payg": 6.016,
      "linux_1yr": 1.8954337899543379,
      "linux_3yr": 1.2134322678843226,
      "windows_1yr": 4.839433789954338,
      "windows_3yr": 4.157432267884323
    },
    "Standard_D2s_v5": {
      "linux_payg": 0.096,
      "windows_payg": 0.188,
      "linux_1yr": 0.05924657534246575,
      "linux_3yr": 0.03793759512937595,
      "windows_1yr": 0.15124657534246574,
      "windows_3yr": 0.12993759512937594
    },
    "Standard_D8s_v5": {
      "windows_payg": 0.752,
      "linux_payg": 0.384,
      "linux_1yr": 0.23687214611872145,
      "linux_3yr": 0.15167427701674277,
      "windows_1yr": 0.6048721461187214,
      "windows_3yr": 0.5196742770167427
    },
    "Standard_D48s_v5": {
      "linux_payg": 2.304,
      "windows_payg": 4.512,
      "linux_1yr": 1.4215753424657533,
      "linux_3yr": 0.9100837138508371,
      "windows_1yr": 3.629575342465753,
      "windows_3yr": 3.1180837138508366
    },
    "Standard_D32s_v5": {
      "linux_payg": 1.536,
      "windows_payg": 3.008,
      "linux_1yr": 0.9477168949771689,
      "linux_3yr": 0.6067351598173516,
      "windows_1yr": 2.419716894977169,
      "windows_3yr": 2.0787351598173514
    },
    "Standard_D96s_v5": {
      "windows_payg": 9.024,
      "linux_payg": 4.608,
      "linux_1yr": 2.8431506849315067,
      "linux_3yr": 1.8201674277016742,
      "windows_1yr": 7.259150684931506,
      "windows_3yr": 6.236167427701673
    },
    "Standard_D16s_v5": {
      "linux_payg": 0.768,
      "windows_payg": 1.504,
      "linux_1yr": 0.47385844748858447,
      "linux_3yr": 0.30334855403348554,
      "windows_1yr": 1.2098584474885845,
      "windows_3yr": 1.0393485540334855
    },
    "Standard_D4s_v5": {
      "windows_payg": 0.376,
      "linux_payg": 0.192,
      "linux_1yr": 0.1184931506849315,
      "linux_3yr": 0.07583713850837139,
      "windows_1yr": 0.3024931506849315,
      "windows_3yr": 0.25983713850837137
    },
    "Standard_E32s_v5": {
      "linux_payg": 2.016,
      "windows_payg": 3.488,
      "linux_1yr": 1.2438356164383562,
      "linux_3yr": 0.7963089802130898,
      "windows_1yr": 2.715835616438356,
      "windows_3yr": 2.2683089802130896
    },
    "Standard_E48s_v5": {
      "linux_payg": 3.024,
      "windows_payg": 5.232,
      "linux_1yr": 1.8657534246575342,
      "linux_3yr": 1.194482496194825,
      "windows_1yr": 4.073753424657534,
      "windows_3yr": 3.4024824961948252
    },
    "Standard_E4s_v5": {
      "windows_payg": 0.436,
      "linux_payg": 0.252,
      "linux_1yr": 0.15547945205479452,
      "linux_3yr": 0.09954337899543379,
      "windows_1yr": 0.3394794520547945,
      "windows_3yr": 0.2835433789954338
    },
    "Standard_E16s_v5": {
      "linux_payg": 1.008,
      "windows_payg": 1.744,
      "linux_1yr": 0.6219178082191781,
      "linux_3yr": 0.39817351598173517,
      "windows_1yr": 1.357917808219178,
      "windows_3yr": 1.1341735159817352
    },
    "Standard_E20s_v5": {
      "windows_payg": 2.18,
      "linux_payg": 1.26,
      "linux_1yr": 0.7773972602739726,
      "linux_3yr": 0.4977168949771689,
      "windows_1yr": 1.6973972602739726,
      "windows_3yr": 1.417716894977169
    },
    "Standard_E96s_v5": {
      "windows_payg": 10.464,
      "linux_payg": 6.048,
      "linux_1yr": 3.73162100456621,
      "linux_3yr": 2.38896499238965,
      "windows_1yr": 8.147621004566211,
      "windows_3yr": 6.8049649923896505
    },
    "Standard_E8s_v5": {
      "linux_payg": 0.504,
      "windows_payg": 0.872,
      "linux_1yr": 0.31095890410958904,
      "linux_3yr": 0.19908675799086759,
      "windows_1yr": 0.678958904109589,
      "windows_3yr": 0.5670867579908676
    },
    "Standard_E64s_v5": {
      "windows_payg": 6.976,
      "linux_payg": 4.032,
      "linux_1yr": 2.487785388127854,
      "linux_3yr": 1.59265601217656,
      "windows_1yr": 5.431785388127854,
      "windows_3yr": 4.53665601217656
    },
    "Standard_E2s_v5": {
      "windows_payg": 0.218,
      "linux_payg": 0.126,
      "linux_1yr": 0.07773972602739726,
      "linux_3yr": 0.049771689497716896,
      "windows_1yr": 0.16973972602739726,
      "windows_3yr": 0.1417716894977169
    }
  },
  "disk_prices": {
    "premium-ssd": {
      "P2": 0.01,
      "Confidential Compute Encryption": 2.7e-05,
      "P15": 0.01,
      "P50": 0.01,
      "P70": 0.01,
      "P3": 0.01,
      "P4": 0.01,
      "P40": 0.01,
      "P80": 0.01,
      "P20": 0.01,
      "P10": 0.01,
      "P30": 0.01,
      "P6": 0.01,
      "Snapshots": 0.132,
      "P60": 0.01,
      "P1": 0.01,
      "Burst Transactions": 0.006,
      "Burst Enablement": 29.491
    },
    "standard-ssd": {
      "E6": 0.002,
      "E70": 0.002,
      "E80": 0.002,
      "E40": 0.002,
      "E50": 0.002,
      "E15": 0.002,
      "E20": 0.002,
      "E10": 0.002,
      "E2": 0.01,
      "E4": 0.002,
      "E3": 0.01,
      "E60": 0.002,
      "Disk Transactions": 0.0024,
      "E30": 0.002,
      "E1": 0.01,
      "Confidential Compute Encryption": 2.1e-05,
      "Snapshots": 0.132
    },
    "standard-hdd": {
      "S6": 0.0005,
      "S80": 0.0005,
      "Standard HDD Managed Disks - Confidential Compute Encryption": 9e-06,
      "S30": 0.0005,
      "S10": 0.0005,
      "S40": 0.0005,
      "S4": 0.0005,
      "S15": 0.0005,
      "S60": 0.0005,
      "S20": 0.0005,
      "S50": 0.0005,
      "S70": 0.0005,
      "Snapshots": 0.05,
      "Disk Transactions": 0.0006
    }
  }
}