{
  "fetched_at": "2026-06-03T16:26:31.848153+00:00",
  "region": "southindia",
  "currency": "USD",
  "vm_prices": {
    "Standard_D8s_v5": {
      "windows_payg": 0.909,
      "linux_payg": 0.541,
      "linux_1yr": 0.33401826484018265,
      "linux_3yr": 0.21385083713850836,
      "windows_1yr": 0.7020182648401827,
      "windows_3yr": 0.5818508371385084
    },
    "Standard_D48s_v5": {
      "windows_payg": 5.457,
      "linux_payg": 3.249,
      "linux_1yr": 2.0044520547945206,
      "linux_3yr": 1.2832191780821918,
      "windows_1yr": 4.21245205479452,
      "windows_3yr": 3.4912191780821917
    },
    "Standard_D32s_v5": {
      "linux_payg": 2.166,
      "windows_payg": 3.638,
      "linux_1yr": 1.3363013698630137,
      "linux_3yr": 0.8554794520547945,
      "windows_1yr": 2.8083013698630137,
      "windows_3yr": 2.3274794520547943
    },
    "Standard_D2s_v5": {
      "windows_payg": 0.227,
      "linux_payg": 0.135,
      "linux_1yr": 0.08356164383561644,
      "linux_3yr": 0.05346270928462709,
      "windows_1yr": 0.17556164383561645,
      "windows_3yr": 0.1454627092846271
    },
    "Standard_D16s_v5": {
      "linux_payg": 1.083,
      "windows_payg": 1.819,
      "linux_1yr": 0.6681506849315069,
      "linux_3yr": 0.42773972602739724,
      "windows_1yr": 1.4041506849315069,
      "windows_3yr": 1.1637397260273972
    },
    "Standard_D96s_v5": {
      "windows_payg": 10.913,
      "linux_payg": 6.497,
      "linux_1yr": 4.0087899543378995,
      "linux_3yr": 2.5664383561643835,
      "windows_1yr": 8.4247899543379,
      "windows_3yr": 6.9824383561643835
    },
    "Standard_D4s_v5": {
      "linux_payg": 0.271,
      "windows_payg": 0.455,
      "linux_1yr": 0.16700913242009133,
      "linux_3yr": 0.10692541856925418,
      "windows_1yr": 0.35100913242009135,
      "windows_3yr": 0.2909254185692542
    },
    "Standard_D64s_v5": {
      "linux_payg": 4.332,
      "windows_payg": 7.276,
      "linux_1yr": 2.6726027397260275,
      "linux_3yr": 1.710958904109589,
      "windows_1yr": 5.616602739726027,
      "windows_3yr": 4.654958904109589
    },
    "Standard_E2s_v5": {
      "windows_payg": 0.27,
      "linux_payg": 0.178,
      "linux_1yr": 0.1095890410958904,
      "linux_3yr": 0.07016742770167428,
      "windows_1yr": 0.20158904109589043,
      "windows_3yr": 0.1621674277016743
    },
    "Standard_E8s_v5": {
      "linux_payg": 0.711,
      "windows_payg": 1.079,
      "linux_1yr": 0.4384703196347032,
      "linux_3yr": 0.28070776255707763,
      "windows_1yr": 0.8064703196347032,
      "windows_3yr": 0.6487077625570776
    },
    "Standard_E4s_v5": {
      "linux_payg": 0.355,
      "windows_payg": 0.539,
      "linux_1yr": 0.2191780821917808,
      "linux_3yr": 0.14033485540334856,
      "windows_1yr": 0.40317808219178086,
      "windows_3yr": 0.3243348554033486
    },
    "Standard_E96s_v5": {
      "linux_payg": 8.528,
      "windows_payg": 12.944,
      "linux_1yr": 5.261529680365297,
      "linux_3yr": 3.3684170471841703,
      "windows_1yr": 9.677529680365296,
      "windows_3yr": 7.784417047184171
    },
    "Standard_E32s_v5": {
      "linux_payg": 2.843,
      "windows_payg": 4.315,
      "linux_1yr": 1.7538812785388127,
      "linux_3yr": 1.12279299847793,
      "windows_1yr": 3.225881278538813,
      "windows_3yr": 2.5947929984779305
    },
    "Standard_E48s_v5": {
      "windows_payg": 6.472,
      "linux_payg": 4.264,
      "linux_1yr": 2.6308219178082193,
      "linux_3yr": 1.6842085235920852,
      "windows_1yr": 4.83882191780822,
      "windows_3yr": 3.8922085235920854
    },
    "Standard_E64s_v5": {
      "linux_payg": 5.685,
      "windows_payg": 8.629,
      "linux_1yr": 3.5077625570776254,
      "linux_3yr": 2.2456240487062407,
      "windows_1yr": 6.451762557077625,
      "windows_3yr": 5.189624048706241
    },
    "Standard_E20s_v5": {
      "windows_payg": 2.697,
      "linux_payg": 1.777,
      "linux_1yr": 1.0961187214611872,
      "linux_3yr": 0.7017503805175038,
      "windows_1yr": 2.0161187214611873,
      "windows_3yr": 1.621750380517504
    },
    "Standard_E16s_v5": {
      "windows_payg": 2.157,
      "linux_payg": 1.421,
      "linux_1yr": 0.8769406392694064,
      "linux_3yr": 0.5614155251141553,
      "windows_1yr": 1.6129406392694063,
      "windows_3yr": 1.2974155251141553
    }
  },
  "disk_prices": {
    "premium-ssd": {
      "P10": 1.374,
      "P1": 0.0453,
      "P70": 165.34,
      "P30": 9.921,
      "Burst Enablement": 37.11,
      "P4": 0.393,
      "P6": 0.71,
      "P15": 2.756,
      "P3": 0.181,
      "P50": 38.58,
      "P80": 330.69,
      "P40": 19.841,
      "Burst Transactions": 0.00755,
      "P2": 0.0906,
      "P20": 4.96,
      "P60": 77.161,
      "Snapshots": 0.1188,
      "Confidential Compute Encryption": 4.1e-05
    },
    "standard-ssd": {
      "E15": 0.002,
      "E40": 0.002,
      "E4": 0.002,
      "E6": 0.002,
      "E20": 0.002,
      "E60": 0.002,
      "Confidential Compute Encryption": 2.1e-05,
      "Snapshots": 0.1188,
      "E30": 0.002,
      "E3": 0.181,
      "E1": 0.0453,
      "E70": 0.002,
      "E50": 0.002,
      "E80": 0.002,
      "E10": 0.002,
      "E2": 0.0906,
      "Disk Transactions": 0.00302
    },
    "standard-hdd": {
      "S50": 0.0005,
      "S10": 0.0005,
      "S20": 0.0005,
      "Snapshots": 0.055,
      "S70": 0.0005,
      "Disk Transactions": 0.000755,
      "S80": 0.0005,
      "S15": 0.0005,
      "S6": 0.0005,
      "S40": 0.0005,
      "S4": 0.0005,
      "S30": 0.0005,
      "S60": 0.0005,
      "Standard HDD Managed Disks - Confidential Compute Encryption": 1.1e-05
    }
  }
}