{
  "fetched_at": "2026-06-03T16:25:40.757082+00:00",
  "region": "norwaywest",
  "currency": "USD",
  "vm_prices": {
    "Standard_D48s_v5": {
      "windows_payg": 6.155,
      "linux_payg": 3.947,
      "linux_1yr": 2.435159817351598,
      "linux_3yr": 1.558980213089802,
      "windows_1yr": 4.643159817351599,
      "windows_3yr": 3.766980213089802
    },
    "Standard_D4s_v5": {
      "linux_payg": 0.329,
      "windows_payg": 0.513,
      "linux_1yr": 0.20296803652968037,
      "linux_3yr": 0.12990867579908677,
      "windows_1yr": 0.38696803652968037,
      "windows_3yr": 0.31390867579908677
    },
    "Standard_D64s_v5": {
      "windows_payg": 8.206,
      "linux_payg": 5.262,
      "linux_1yr": 3.246917808219178,
      "linux_3yr": 2.0786529680365295,
      "windows_1yr": 6.190917808219178,
      "windows_3yr": 5.02265296803653
    },
    "Standard_D96s_v5": {
      "windows_payg": 12.31,
      "linux_payg": 7.894,
      "linux_1yr": 4.870319634703196,
      "linux_3yr": 3.117960426179604,
      "windows_1yr": 9.286319634703197,
      "windows_3yr": 7.533960426179604
    },
    "Standard_D32s_v5": {
      "windows_payg": 4.103,
      "linux_payg": 2.631,
      "linux_1yr": 1.6234018264840182,
      "linux_3yr": 1.0393074581430746,
      "windows_1yr": 3.095401826484018,
      "windows_3yr": 2.5113074581430745
    },
    "Standard_D8s_v5": {
      "windows_payg": 1.026,
      "linux_payg": 0.658,
      "linux_1yr": 0.4058219178082192,
      "linux_3yr": 0.25981735159817354,
      "windows_1yr": 0.7738219178082192,
      "windows_3yr": 0.6278173515981735
    },
    "Standard_D16s_v5": {
      "linux_payg": 1.316,
      "windows_payg": 2.052,
      "linux_1yr": 0.8117579908675799,
      "linux_3yr": 0.5196727549467276,
      "windows_1yr": 1.5477579908675798,
      "windows_3yr": 1.2556727549467275
    },
    "Standard_D2s_v5": {
      "linux_payg": 0.164,
      "windows_payg": 0.256,
      "linux_1yr": 0.10148401826484019,
      "linux_3yr": 0.06495433789954339,
      "windows_1yr": 0.19348401826484019,
      "windows_3yr": 0.15695433789954338
    },
    "Standard_E8s_v5": {
      "linux_payg": 0.869,
      "windows_payg": 1.237,
      "linux_1yr": 0.5364155251141552,
      "linux_3yr": 0.3434170471841705,
      "windows_1yr": 0.9044155251141553,
      "windows_3yr": 0.7114170471841705
    },
    "Standard_E2s_v5": {
      "linux_payg": 0.217,
      "windows_payg": 0.309,
      "linux_1yr": 0.1341324200913242,
      "linux_3yr": 0.08584474885844749,
      "windows_1yr": 0.2261324200913242,
      "windows_3yr": 0.17784474885844748
    },
    "Standard_E20s_v5": {
      "windows_payg": 3.094,
      "linux_payg": 2.174,
      "linux_1yr": 1.341095890410959,
      "linux_3yr": 0.8585616438356164,
      "windows_1yr": 2.261095890410959,
      "windows_3yr": 1.7785616438356162
    },
    "Standard_E16s_v5": {
      "windows_payg": 2.475,
      "linux_payg": 1.739,
      "linux_1yr": 1.0729452054794522,
      "linux_3yr": 0.6868721461187215,
      "windows_1yr": 1.8089452054794521,
      "windows_3yr": 1.4228721461187215
    },
    "Standard_E96s_v5": {
      "linux_payg": 10.433,
      "windows_payg": 14.849,
      "linux_1yr": 6.4373287671232875,
      "linux_3yr": 4.121156773211568,
      "windows_1yr": 10.853328767123287,
      "windows_3yr": 8.537156773211567
    },
    "Standard_E4s_v5": {
      "linux_payg": 0.435,
      "windows_payg": 0.619,
      "linux_1yr": 0.2682648401826484,
      "linux_3yr": 0.1717275494672755,
      "windows_1yr": 0.4522648401826484,
      "windows_3yr": 0.3557275494672755
    },
    "Standard_E32s_v5": {
      "windows_payg": 4.95,
      "linux_payg": 3.478,
      "linux_1yr": 2.1457762557077626,
      "linux_3yr": 1.3737062404870624,
      "windows_1yr": 3.6177762557077626,
      "windows_3yr": 2.845706240487062
    },
    "Standard_E64s_v5": {
      "linux_payg": 6.956,
      "windows_payg": 9.9,
      "linux_1yr": 4.291552511415525,
      "linux_3yr": 2.7474124809741247,
      "windows_1yr": 7.235552511415525,
      "windows_3yr": 5.691412480974124
    },
    "Standard_E48s_v5": {
      "windows_payg": 7.425,
      "linux_payg": 5.217,
      "linux_1yr": 3.2187214611872146,
      "linux_3yr": 2.060578386605784,
      "windows_1yr": 5.426721461187215,
      "windows_3yr": 4.268578386605784
    }
  },
  "disk_prices": {
    "premium-ssd": {
      "P80": 407.12,
      "Snapshots": 0.207,
      "Confidential Compute Encryption": 4.3e-05,
      "P30": 12.214,
      "P6": 0.874,
      "P20": 6.107,
      "P60": 94.995,
      "P3": 0.223,
      "P40": 24.427,
      "P70": 203.56,
      "P1": 0.0558,
      "P15": 3.393,
      "P50": 47.497,
      "P10": 1.692,
      "P4": 0.483,
      "Burst Transactions": 0.0093,
      "P2": 0.112,
      "Burst Enablement": 45.687
    },
    "standard-ssd": {
      "E3": 0.223,
      "E15": 0.002,
      "E60": 0.002,
      "E4": 0.002,
      "Confidential Compute Encryption": 2.9e-05,
      "E30": 0.002,
      "E10": 0.002,
      "E50": 0.002,
      "E20": 0.002,
      "E70": 0.002,
      "E80": 0.002,
      "E40": 0.002,
      "E1": 0.0558,
      "E6": 0.002,
      "E2": 0.112,
      "Disk Transactions": 0.00372,
      "Snapshots": 0.207
    },
    "standard-hdd": {
      "S30": 0.0005,
      "S50": 0.0005,
      "S4": 0.0005,
      "S6": 0.0005,
      "S60": 0.0005,
      "S20": 0.0005,
      "S40": 0.0005,
      "S15": 0.0005,
      "S70": 0.0005,
      "S80": 0.0005,
      "Disk Transactions": 0.00093,
      "Standard HDD Managed Disks - Confidential Compute Encryption": 1.6e-05,
      "S10": 0.0005,
      "Snapshots": 0.0715
    }
  }
}