{
  "fetched_at": "2026-06-03T16:24:20.886977+00:00",
  "region": "eastus",
  "currency": "USD",
  "vm_prices": {
    "Standard_D8s_v5": {
      "linux_payg": 0.384,
      "windows_payg": 0.752,
      "linux_1yr": 0.23687214611872145,
      "linux_3yr": 0.15167427701674277,
      "windows_1yr": 0.6048721461187214,
      "windows_3yr": 0.5196742770167427
    },
    "Standard_D32s_v5": {
      "linux_payg": 1.536,
      "windows_payg": 3.008,
      "linux_1yr": 0.9477168949771689,
      "linux_3yr": 0.6067351598173516,
      "windows_1yr": 2.419716894977169,
      "windows_3yr": 2.0787351598173514
    },
    "Standard_D2s_v5": {
      "linux_payg": 0.096,
      "windows_payg": 0.188,
      "linux_1yr": 0.05924657534246575,
      "linux_3yr": 0.03793759512937595,
      "windows_1yr": 0.15124657534246574,
      "windows_3yr": 0.12993759512937594
    },
    "Standard_D64s_v5": {
      "windows_payg": 6.016,
      "linux_payg": 3.072,
      "linux_1yr": 1.8954337899543379,
      "linux_3yr": 1.2134322678843226,
      "windows_1yr": 4.839433789954338,
      "windows_3yr": 4.157432267884323
    },
    "Standard_D4s_v5": {
      "windows_payg": 0.376,
      "linux_payg": 0.192,
      "linux_1yr": 0.1184931506849315,
      "linux_3yr": 0.07583713850837139,
      "windows_1yr": 0.3024931506849315,
      "windows_3yr": 0.25983713850837137
    },
    "Standard_D96s_v5": {
      "windows_payg": 9.024,
      "linux_payg": 4.608,
      "linux_1yr": 2.8431506849315067,
      "linux_3yr": 1.8201674277016742,
      "windows_1yr": 7.259150684931506,
      "windows_3yr": 6.236167427701673
    },
    "Standard_D48s_v5": {
      "windows_payg": 4.512,
      "linux_payg": 2.304,
      "linux_1yr": 1.4215753424657533,
      "linux_3yr": 0.9100837138508371,
      "windows_1yr": 3.629575342465753,
      "windows_3yr": 3.1180837138508366
    },
    "Standard_D16s_v5": {
      "windows_payg": 1.504,
      "linux_payg": 0.768,
      "linux_1yr": 0.47385844748858447,
      "linux_3yr": 0.30334855403348554,
      "windows_1yr": 1.2098584474885845,
      "windows_3yr": 1.0393485540334855
    },
    "Standard_E48s_v5": {
      "linux_payg": 3.024,
      "windows_payg": 5.232,
      "linux_1yr": 1.7841324200913242,
      "linux_3yr": 1.194482496194825,
      "windows_1yr": 3.992132420091324,
      "windows_3yr": 3.4024824961948252
    },
    "Standard_E96s_v5": {
      "windows_payg": 10.464,
      "linux_payg": 6.048,
      "linux_1yr": 3.5682648401826484,
      "linux_3yr": 2.38896499238965,
      "windows_1yr": 7.984264840182648,
      "windows_3yr": 6.8049649923896505
    },
    "Standard_E4s_v5": {
      "windows_payg": 0.436,
      "linux_payg": 0.252,
      "linux_1yr": 0.14863013698630137,
      "linux_3yr": 0.09954337899543379,
      "windows_1yr": 0.3326301369863014,
      "windows_3yr": 0.2835433789954338
    },
    "Standard_E32s_v5": {
      "linux_payg": 2.016,
      "windows_payg": 3.488,
      "linux_1yr": 1.1893835616438355,
      "linux_3yr": 0.7963089802130898,
      "windows_1yr": 2.6613835616438353,
      "windows_3yr": 2.2683089802130896
    },
    "Standard_E16s_v5": {
      "windows_payg": 1.744,
      "linux_payg": 1.008,
      "linux_1yr": 0.5947488584474886,
      "linux_3yr": 0.39817351598173517,
      "windows_1yr": 1.3307488584474885,
      "windows_3yr": 1.1341735159817352
    },
    "Standard_E64s_v5": {
      "linux_payg": 4.032,
      "windows_payg": 6.976,
      "linux_1yr": 2.3788812785388127,
      "linux_3yr": 1.59265601217656,
      "windows_1yr": 5.322881278538812,
      "windows_3yr": 4.53665601217656
    },
    "Standard_E8s_v5": {
      "linux_payg": 0.504,
      "windows_payg": 0.872,
      "linux_1yr": 0.2973744292237443,
      "linux_3yr": 0.19908675799086759,
      "windows_1yr": 0.6653744292237442,
      "windows_3yr": 0.5670867579908676
    },
    "Standard_E2s_v5": {
      "linux_payg": 0.126,
      "windows_payg": 0.218,
      "linux_1yr": 0.07431506849315068,
      "linux_3yr": 0.049771689497716896,
      "windows_1yr": 0.1663150684931507,
      "windows_3yr": 0.1417716894977169
    },
    "Standard_E20s_v5": {
      "linux_payg": 1.26,
      "windows_payg": 2.18,
      "linux_1yr": 0.7433789954337899,
      "linux_3yr": 0.4977168949771689,
      "windows_1yr": 1.66337899543379,
      "windows_3yr": 1.417716894977169
    }
  },
  "disk_prices": {
    "premium-ssd": {
      "P40": 13.139,
      "P80": 218.99,
      "P4": 0.26,
      "P6": 0.47,
      "P30": 6.57,
      "P20": 3.285,
      "P15": 1.825,
      "P1": 0.03,
      "Burst Transactions": 0.005,
      "P70": 109.49,
      "P10": 0.91,
      "P2": 0.06,
      "P3": 0.12,
      "Snapshots": 0.132,
      "Confidential Compute Encryption": 2.7e-05,
      "P50": 25.457,
      "Burst Enablement": 24.576,
      "P60": 50.915
    },
    "standard-ssd": {
      "E40": 0.002,
      "E30": 0.002,
      "E6": 0.002,
      "E50": 0.002,
      "Confidential Compute Encryption": 2.1e-05,
      "E70": 0.002,
      "Snapshots": 0.132,
      "E15": 0.002,
      "E3": 0.12,
      "E4": 0.002,
      "E80": 0.002,
      "E2": 0.06,
      "E60": 0.002,
      "E1": 0.03,
      "E20": 0.002,
      "E10": 0.002,
      "Disk Transactions": 0.002
    },
    "standard-hdd": {
      "S60": 0.0005,
      "S15": 0.0005,
      "S10": 0.0005,
      "S70": 0.0005,
      "S4": 0.0005,
      "Disk Transactions": 0.0005,
      "S20": 0.0005,
      "S80": 0.0005,
      "Snapshots": 0.05,
      "S6": 0.0005,
      "Standard HDD Managed Disks - Confidential Compute Encryption": 8e-06,
      "S40": 0.0005,
      "S50": 0.0005,
      "S30": 0.0005
    }
  }
}